word,clue,length
"АЇД","Володар царства, звідки не повертаються",3
"АТО","Скорочена назва воєнної операції на Донбасі",3
"АУТ","М'яч поза межами поля",3
"БАК","Ємність для рідини",3
"БАС","Найнижчий голос у хорі",3
"БІГ","Швидке пересування на ногах",3
"БІК","Сторона тіла чи предмета",3
"БОГ","Вище надприродне божество",3
"БУГ","Річка, що дала назву місту Миколаєву в гирлі",3
"БУК","Дерево, що дало ім'я Буковині",3
"ВАЛ","Земляна насипна укріплена споруда",3
"ВУЖ","Змія з жовтими вушками, цілком мирна",3
"ГАЗ","Паливо в балоні чи трубі",3
"ГАЙ","Невеликий листяний ліс",3
"ГЕН","Ділянка спадкової інформації",3
"ГІД","Той, хто проводить екскурсії",3
"ГОЛ","Влучання м'яча у ворота",3
"ГРА","Розвага за певними правилами",3
"ДАР","Подарунок, талант",3
"ДАХ","Верхнє покриття будівлі",3
"ДВА","Число після одного",3
"ДІД","Батько батька або матері",3
"ДІМ","Житлова будівля",3
"ДОЩ","Атмосферні осадки у вигляді краплин",3
"ДУБ","Міцне листяне дерево, символ України",3
"ЖУК","Комаха з твердими надкрилами",3
"ЖУК","Комаха з твердими надкрилами",3
"ЗУБ","Кістка в роті для жування",3
"ІОН","Атом, що загубив або прихопив електрон",3
"ЙОД","Елемент, що пече на ранах і бракує в морі... ні, навпаки",3
"ЙОД","Елемент",3
"КИЙ","Легендарний засновник Києва",3
"КИТ","Найбільший ссавець, що живе в морі",3
"КИТ","Найбільша тварина планети",3
"КІТ","Пухнастий домашній хижак, що говорить ""мяу""",3
"КОД","Секретна комбінація",3
"КУБ","Шість квадратів, що зжилися разом",3
"ЛЕВ","Хижак, ""цар звірів""",3
"ЛЕВ","Цар звірів із гривою",3
"ЛІС","Багато дерев на одній території",3
"ЛІС","Велика площа",3
"ЛОБ","Верхня частина обличчя",3
"ЛОТ","Одиниця аукціонного торгу",3
"ЛУГ","Трав'яниста рівнина для сінокосу",3
"ЛУК","Зброя лучника",3
"МАГ","Професійний чарівник",3
"МАК","Червона квітка, символ пам'яті",3
"МАО","Комуністичний лідер, що очолив Китай після 1949 року",3
"МАТ","Кінець шахової партії",3
"МАТ","Кінець партії на шаховій дошці",3
"МАЯ","Цивілізація Центральної Америки з точним календарем",3
"МИС","Виступ суходолу, що вдається у море",3
"МІФ","Давнє переказне оповідання про богів і героїв",3
"МОХ","Зелений килим на пнях і каменях",3
"МУЛ","Син коня й ослиці",3
"НІЖ","Прибор для різання",3
"НІЛ","Ріка, без якої не було б фараонів",3
"НІЛ","Найдовша річка Африки",3
"НІС","Орган нюху",3
"НІЧ","Темна частина доби",3
"ОКО","Орган зору",3
"ООН","Міжнародна організація, заснована після Другої світової",3
"ОСА","Комаха, що жалить",3
"ОСА","Комаха з жовто-чорним черевцем і жалом",3
"ПАС","Передача м'яча партнеру",3
"ПАТ","Нічия через відсутність ходів на дошці",3
"РАБ","Людина, позбавлена особистої свободи і власності",3
"РАК","Прісноводна істота з клешнями",3
"РИМ","Місто, куди ведуть усі дороги",3
"РИМ","Столиця імперії, що правила Середземномор'ям",3
"РИС","Дрібне біле зерно для гарніру",3
"РИФ","Підводна пастка для кораблів",3
"РІВ","Водяна перешкода довкола замку",3
"РІГ","Гострий виступ на голові тварини",3
"РІГ","Твердий виріст на голові оленя чи бика",3
"РІЙ","Бджолиний натовп у польоті",3
"РІЙ","Гурт бджіл навколо матки",3
"РІК","Проміжок часу з 12 місяців",3
"РОТ","Орган мовлення і їжі",3
"САД","Ділянка з фруктовими деревами",3
"СИН","Особа чоловічої статі стосовно батьків",3
"СИР","Молочний продукт",3
"СІК","Напій з фруктів чи овочів",3
"СІМ","Число після шести",3
"СІЧ","Запорозька столиця вольниці",3
"СІЧ","Укріплений табір запорізьких козаків",3
"СОМ","Вусатий велетень річкового дна",3
"СОМ","Велика прісноводна риба без луски",3
"СТО","Число, що дорівнює десяти десяткам",3
"СУП","Рідка страва з овочами й м'ясом",3
"США","Держава, що здобула незалежність 1776 року",3
"ТИР","Місце, де промах — це норма, а не привід для сорому",3
"ТІК","Місце для обробки зерна",3
"ТРИ","Число після двох",3
"ТУЗ","Найстарша карта в колоді",3
"УХО","Орган слуху",3
"ХАН","Титул монгольського чи татарського правителя",3
"ХІД","Черговий крок у грі",3
"ХОР","Колектив співаків",3
"ЦАР","Титул монарха в Московській державі",3
"ЦЕХ","Об'єднання ремісників однієї спеціальності",3
"ЧАЙ","Гарячий напій із заварки",3
"ЧЕК","Паперовий доказ покупки",3
"ЧИП","Мозок електроніки",3
"ШАХ","Перський монарх або напад на короля",3
"ШЕФ","Головний на кухні чи в конторі",3
"ШИЯ","З'єднує голову з тулубом",3
"АБАК","Стародавній рахунковий прилад із кульками",4
"АЗІЯ","Найбільший континент планети",4
"АЗОВ","Найдрібніше море світу біля українських берегів",4
"АЗОТ","Газ",4
"АМУР","Крилатий стрілець із римських міфів",4
"АМУР","Річка на кордоні Росії й Китаю",4
"АНДИ","Найдовший гірський ланцюг суходолу",4
"АРАЛ","Море",4
"АРЕС","Олімпійський бог, якому війна — мати рідна",4
"АРІЯ","Сольний номер в опері",4
"АТОМ","Той, що греки вважали неподільним — і помилялися",4
"АТОМ","Найменша частинка хімічного елемента",4
"БАБА","Мати батька або матері, розмовно",4
"БАКУ","Столиця на березі Каспію",4
"БАЛІ","Індонезійський острів храмів і рисових терас",4
"БАНК","Установа для зберігання грошей",4
"БАРД","Виконавець власних пісень",4
"БЕЗЕ","Солодкий поцілунок французькою",4
"БЕРН","Столиця з ведмежою ямою",4
"БИНТ","Біла стрічка на рану",4
"БЛОК","Захисна дія над сіткою у волейболі",4
"БОКС","Двобій на рингу в рукавицях",4
"БОРГ","Те, що платежем красне",4
"БОРЩ","Український суп із буряком",4
"БРАТ","Син тих самих батьків, чоловік",4
"БРУТ","Один з убивць Цезаря, колишній його союзник",4
"БУРЯ","Сильний вітер з дощем чи снігом",4
"БУЧА","Місто в Київській області",4
"БЮСТ","Скульптура по груди",4
"ВАЗА","Посудина для квітів",4
"ВАТТ","Одиниця вимірювання потужності",4
"ВЕЖА","Пізанська похилилась, Ейфелева встояла",4
"ВІЗА","Дозвіл у чужу країну",4
"ВІРА","Штраф за вбивство вільної людини за Руською правдою",4
"ВІРШ","Твір, написаний у поетичній формі",4
"ВІЧЕ","Народні збори в давній Русі",4
"ВОВК","Хижий лісовий звір, родич собаки",4
"ВОВК","Хижак",4
"ВОЛЯ","Те, за що козаки вмирали охочіше, ніж за гроші",4
"ВОЛЯ","Головна цінність, за яку боролися козаки",4
"ВОСК","Будматеріал бджіл і свічок",4
"ГАНА","Західноафриканська країна какао",4
"ГАНГ","Священна річка Індії",4
"ГЕРА","Ревнива дружина Зевса",4
"ГЕРБ","Символічний знак держави чи роду",4
"ГЕРБ","Символічний знак держави чи роду",4
"ГЕРБ","Символічний знак держави чи роду",4
"ГЕРЦ","Одиниця вимірювання частоти",4
"ГІМН","Урочиста пісня держави",4
"ГІМН","Урочиста пісня-символ держави",4
"ГІМН","Пісня на честь переможця",4
"ГІПС","Твердий рукав на зламану руку",4
"ГОБІ","Пустеля на кордоні Монголії й Китаю",4
"ГОРА","Висока природна форма рельєфу",4
"ГОТИ","Германський народ, що завоював Рим",4
"ГРАБ","Дерево з найтвердішою деревиною наших лісів",4
"ГРИБ","Той, що росте після дощу",4
"ГРИМ","Фарба, що робить юнака дідом",4
"ГРИФ","Хижий птах-падальник",4
"ГРІМ","Гучний звук під час бурі",4
"ГРОТ","Печера з морським входом",4
"ГУБА","Частина обличчя навколо рота",4
"ГУНИ","Кочовий народ Аттіли, що тіснив Римську імперію",4
"ДВІР","Ділянка землі біля будинку",4
"ДЕЛІ","Столиця з давніми могольськими пам'ятками",4
"ДЖИН","Мешканець лампи з трьома бажаннями",4
"ДИНЯ","Солодкий жовтий баштанний плід",4
"ДИСК","Метальний снаряд або платівка",4
"ДИСК","Плаский снаряд для метання",4
"ДОЛЯ","Життєвий шлях, талан людини",4
"ДРІТ","Тонкий гнучкий металевий стрижень",4
"ДРОН","Літак, що поміщається в рюкзак",4
"ДРОН","Безпілотний літальний апарат",4
"ДРУГ","Близька, віддана людина",4
"ДУЕТ","Пісня на двох",4
"ДУМА","Козацький епос у виконанні кобзаря",4
"ЕГЕЙ","Море, назване іменем батька Тесея",4
"ЕРОС","Бог, що стріляє без промаху в серця",4
"ЕТНА","Сицилійська сусідка, що курить безперервно",4
"ЕТНА","Найактивніший вулкан Європи",4
"ЕФІР","Простір, у якому живе радіо",4
"ЄВРО","Спільна валюта двадцяти країн",4
"ЄМЕН","Країна на південному краю Аравійського півострова",4
"ЄНОТ","Звір-полоскун у масці",4
"ЄНОТ","Смугастохвостий звір-полоскун",4
"ЖАБА","Земноводне, що квакає",4
"ЖАБА","Земноводне",4
"ЖИТО","Злакова культура для чорного хліба",4
"ЗВІР","Дика тварина лісу чи степу",4
"ЗВІТ","Документ, який завжди на вчора",4
"ЗЕВС","Головний громовержець Олімпу",4
"ЗЕВС","Верховний бог грецького пантеону",4
"ЗИМА","Найхолодніша пора року",4
"ЗЛІТ","Момент відриву від землі",4
"ЗМІЯ","Плазун без ніг",4
"ЗМІЯ","Плазун без ніг",4
"ЗНАК","Умовне позначення чогось",4
"ЗУБР","Найважча тварина Європи",4
"ЗУБР","Європейський лісовий велетень",4
"ІГОР","Син Рюрика, князь, убитий деревлянами",4
"ІДЕЯ","Те, що приходить у душі — і тікає без блокнота",4
"ІДОЛ","Об'єкт релігійного поклоніння, божок",4
"ІЗЮМ","Місто на Харківщині над Осколом",4
"ІКАР","Літун, якому сонце розтопило крила",4
"ІКАР","Юнак з міфу, що злетів надто близько до сонця",4
"ІКВА","Річка Волині та Тернопільщини",4
"ІКРА","Делікатес, що коштує як золото",4
"ІНЕЙ","Білий морозний наліт на поверхнях",4
"ІНКИ","Цивілізація гірських терас в Андах",4
"ІРАК","Країна між Тигром і Євфратом",4
"ІРАН","Персомовна країна на Близькому Сході",4
"ЇЖАК","Колючий лісовий звірок",4
"ЇЖАК","Колючий нічний звір",4
"ЙОГА","Індійська практика розтяжки й дихання",4
"КАВА","Гарячий напій із зерен, обсмажених і змолотих",4
"КАДР","Один стоп-момент фільму",4
"КАЇР","Столиця над Нілом біля пірамід",4
"КАРЛ","Франкський король, коронований імператором на Різдво",4
"КАСА","Місце, де черга закінчується грошима",4
"КАЯК","Вузький легкий човен для одного веслувальника",4
"КВАС","Напій із чорного хліба",4
"КИЇВ","Столиця України",4
"КИЇВ","Столиця України на Дніпрі",4
"КІНО","Мистецтво рухомих зображень на екрані",4
"КІНЬ","Домашня тварина для верхової їзди",4
"КІНЬ","Фігура",4
"КІНЬ","Свійська тварина для їзди верхи",4
"КІПР","Острів",4
"КІТО","Столиця майже на самому екваторі",4
"КЛАС","Група учнів одного року навчання",4
"КЛЕН","Дерево з канадського прапора",4
"КЛІЩ","Малий кровопивця з високої трави",4
"КЛІЩ","Дрібний кровосисний членистоногий",4
"КЛУБ","Організація гравців і вболівальників",4
"КЛЮЧ","Інструмент для відмикання замка",4
"КОЗА","Невелика рогата жуйна тварина",4
"КОЗА","Свійська рогата тварина з бородою",4
"КОРА","Твердий зовнішній шар стовбура дерева",4
"КОРТ","Майданчик для тенісу",4
"КОСА","Вузька намивна смуга суходолу біля берега",4
"КРАБ","Морська істота з клешнями",4
"КРАБ","Морська істота з клешнями і панциром",4
"КРЕЗ","Легендарно багатий цар Лідії, чиє ім'я стало прислів'ям",4
"КРИМ","Півострів на півдні, оточений двома морями",4
"КРИТ","Острів Мінотавра",4
"КРИТ","Найбільший грецький острів",4
"КРІП","Пахуча зелень для соління огірків",4
"КРІТ","Сліпий землекоп",4
"КРІТ","Сліпий землерийний звір",4
"КРУК","Великий чорний птах-віщун",4
"КУБА","Острівна держава з сигарами й ромом",4
"КУПЕ","Кімната на чотирьох у потязі",4
"КУТЯ","Головна страва Святвечора",4
"ЛАВА","Розпечена рідка маса, що витікає з вулкана",4
"ЛАВР","Листок для борщу й вінка переможця",4
"ЛАМА","Верблюд без горба з Анд",4
"ЛАМА","Довгошиїй родич верблюда в Андах",4
"ЛАПА","Кінцівка звіра чи птаха",4
"ЛАСО","Аркан ковбоя",4
"ЛАТЕ","Кава, що здебільшого молоко",4
"ЛЕНА","Одна з найбільших річок Сибіру",4
"ЛЕСЯ","Українка, що писала «Лісову пісню»",4
"ЛЕСЯ","Поетеса, авторка Лісової пісні, за іменем",4
"ЛИЖІ","Дошки для ковзання по снігу",4
"ЛИПА","Медове дерево або підробка",4
"ЛИСТ","Папір для написання або зелена частина рослини",4
"ЛІГА","Об'єднання клубів для змагань",4
"ЛІМА","Столиця",4
"ЛІТО","Найтепліша пора року",4
"ЛІФТ","Пристрій для підйому між поверхами",4
"ЛОСЬ","Найбільший олень із лопатами на голові",4
"ЛОСЬ","Найбільший з оленевих",4
"ЛОТО","Гра з бочечками й картками",4
"ЛОША","Дитина коня",4
"ЛУВР","Дім Мони Лізи",4
"ЛУНА","Відбитий звук",4
"ЛЬОД","Замерзла вода",4
"МАМА","Найрідніша жінка для дитини",4
"МАРС","Червона планета або римський бог війни",4
"МАРШ","Музика, під яку крокують",4
"МАСА","Кількість речовини в тілі",4
"МАТЧ","Окрема гра в турнірі",4
"МАЯК","Ліхтар для заблукалих кораблів",4
"МАЯК","Одне з чудес світу в гавані Александрії",4
"МЕНЮ","Список спокус у ресторані",4
"МЕТР","Одиниця вимірювання довжини",4
"МІДЬ","Метал червонуватого кольору, добре проводить струм",4
"МІДЬ","Червонуватий метал у дротах",4
"МІЛЬ","Комаха, що псує одяг",4
"МІСТ","Споруда для переходу через річку",4
"МОВА","Засіб спілкування народу",4
"МОВА","Головна ознака національної ідентичності",4
"МОЛЬ","Одиниця вимірювання кількості речовини",4
"МОРЕ","Велика солона водойма",4
"МОРЕ","Частина океану",4
"МОРЖ","Іклатий північний ласт або зимовий плавець",4
"МОРЖ","Ластоногий велетень з бивнями",4
"МУЗА","Та, що навідується до поета без запрошення",4
"МУХА","Летюча комаха, що дзижчить",4
"МУХА","Набридлива комаха",4
"НЕБО","Простір над землею, де хмари й сонце",4
"НЕОН","Газ, що світиться у вивісках",4
"НЕОН","Газ",4
"НОГА","Кінцівка для ходьби",4
"НОРА","Підземне житло лисиці",4
"НОРА","Підземне житло гризуна чи лисиці",4
"НОТА","Одна сьома музичної абетки",4
"НУГА","Солодка маса з горіхами",4
"НУЛЬ","Число, що зробило математику можливою",4
"ОАЗА","Зелений виняток із пустельного правила",4
"ОВЕН","Знак зодіаку, баран",4
"ОДИН","Число перед двома",4
"ОЗОН","Газ, що пахне грозою",4
"ОКОП","Земляна траншея для укриття від вогню",4
"ОЛЕГ","Князь, що заснував державу з центром у Києві",4
"ОМАН","Держава на південному сході Аравії",4
"ОПІР","Підпільна боротьба проти окупаційної влади",4
"ОРДА","Кочове військо степових народів",4
"ОРДА","Кочове військо, що встановило іго над Руссю",4
"ОРЕЛ","Птах із гербів і банкнот",4
"ОРЕЛ","Гордий хижий птах у горах",4
"ОСЕЛ","Упертюх із довгими вухами",4
"ОСЕЛ","Впертий довговухий родич коня",4
"ОСЛО","Столиця на краю фіорду",4
"ОФІС","Місце, де живуть дедлайни",4
"ОЦЕТ","Кисла приправа",4
"ОЧКО","Одиниця рахунку в грі",4
"ПАЗЛ","Картина, розрізана на терпіння",4
"ПАПА","Голова католицької церкви у Ватикані",4
"ПЕРО","Одна частина пташиного покриву",4
"ПЕРУ","Держава, де колись була столиця імперії інків",4
"ПЕРУ","Батьківщина Мачу-Пікчу",4
"ПИЛА","Інструмент із зубцями для різання дерева",4
"ПІЦА","Відкритий пиріг з Неаполя",4
"ПЛІТ","Судно з колод, зв'язаних докупи",4
"ПЛЯЖ","Пісок, море і не протовпитися",4
"ПОЕТ","Літератор-творець віршів",4
"ПОЛЕ","Велика рівна ділянка землі для посівів",4
"ПОЛК","Військово-територіальна одиниця Гетьманщини",4
"ПОНІ","Кінь кишенькового формату",4
"ПРУТ","Гірська річка Карпат, притока Дунаю",4
"ПТАХ","Тварина, що літає і має пір'я",4
"ПУМА","Американський гірський лев",4
"ПУМА","Гірський лев Північної Америки",4
"РАДА","Центральний орган влади УНР у 1917-1918 роках",4
"РАТА","Річка на Львівщині, притока Західного Бугу",4
"РЕЙН","Річка",4
"РИБА","Водна тварина з лускою і плавцями",4
"РИГА","Столиця з мурованим старим містом над Двіною",4
"РИМА","Співзвуччя наприкінці рядків",4
"РИНГ","Квадрат, який чомусь звуть колом",4
"РИНГ","Огороджений майданчик для боксу",4
"РИСЬ","Кішка з пензликами на вухах",4
"РИСЬ","Дика кішка з китицями на вухах",4
"РИТМ","Те, що тримає музику й серце",4
"РОСА","Крапельки вологи на траві зранку",4
"РОСЬ","Права притока Дніпра на Черкащині",4
"РУКА","Кінцівка з пальцями для роботи",4
"РУНА","Літера, вирізана вікінгом",4
"САГА","Довга оповідь із холодної півночі",4
"САЖА","Чорний слід диму",4
"САЙТ","Адреса в інтернеті",4
"САЛО","Український продукт зі свинячого жиру",4
"САНИ","Зимовий транспорт без коліс, що ковзає по снігу",4
"СЕЙФ","Залізна шафа з секретом",4
"СЕЛО","Малий населений пункт у сільській місцевості",4
"СЕЛО","Невеликий населений пункт у сільській місцевості",4
"СЕНА","Паризька ріка",4
"СЕНА","Річка",4
"СЕУЛ","Столиця над річкою Ханган",4
"СІЛЬ","Білий кристалічний продукт для їжі",4
"СКІФ","Степовик, що лишив по собі золото й кургани",4
"СЛОН","Найбільша сухопутна тварина з хоботом",4
"СЛОН","Фігура",4
"СЛОН","Найбільший наземний ссавець",4
"СЛУЧ","Річка Полісся, притока Горині",4
"СНІГ","Білі осадки взимку",4
"СНІП","Зв'язаний пучок зжатих стебел",4
"СОВА","Птах, що працює в нічну зміну",4
"СОВА","Нічний хижий птах з великими очима",4
"СОЛО","Виступ без підтримки",4
"СОУС","Рідка добавка, що рятує страву",4
"СОЮЗ","Об'єднання держав чи політичних сил",4
"СПАМ","Листи, яких ніхто не просив",4
"СПИС","Снаряд",4
"СТАВ","Штучна водойма, менша за озеро",4
"СТЕП","Море трави без жодної краплі води",4
"СТЕП","Безлісий рівнинний простір, вкритий травою",4
"СТЕП","Фітнес зі сходинкою",4
"СТИР","Річка Волині, на якій стоїть Луцьк",4
"СТІЛ","Меблі для їжі чи роботи",4
"СУЕЦ","Канал між Середземним і Червоним морями",4
"СУЛА","Ліва притока Дніпра на Полтавщині",4
"СУМИ","Обласний центр на Псьолі",4
"СУМО","Боротьба важковаговиків Японії",4
"СУШІ","Японія на рисовій подушці",4
"СХІД","Сторона світу, де сходить сонце",4
"ТАЙМ","Половина футбольного матчу",4
"ТАТО","Батько у розмовній формі",4
"ТАЦЯ","Платформа офіціанта",4
"ТЕЛЯ","Дитина корови",4
"ТЕМП","Швидкість музики чи життя",4
"ТИБР","Ріка Вічного міста",4
"ТИГР","Смугастий хижак родом з Азії",4
"ТИГР","Річка",4
"ТИГР","Найбільша смугаста дика кішка",4
"ТИСА","Гірська річка Закарпаття",4
"ТИСК","Те, що міряють манжетою",4
"ТИСК","Сила",4
"ТОГА","Верхній одяг вільного громадянина Стародавнього Риму",4
"ТОРТ","Багатошаровий святковий десерт",4
"ТОСТ","Промова з келихом",4
"ТРАП","Сходи до літака",4
"ТРЕК","Траса для перегонів",4
"ТРОН","Крісло з найвищою конкуренцією",4
"ТРОН","Крісло монарха як символ влади",4
"ТРОН","Крісло монарха як символ влади",4
"ТРОЯ","Місто, яке погубив дерев'яний кінь",4
"ТРОЯ","Місто, здобуте греками завдяки дерев'яному коню",4
"ТРЮМ","Черево корабля",4
"ТУРА","Шахова фігура-фортеця",4
"ТХІР","Смердючий родич куниці",4
"УДАВ","Змій, що обіймає до смерті",4
"УДАВ","Велика змія",4
"УДАЙ","Річка Чернігівщини, на якій стоять Прилуки",4
"УЛОВ","Результат риболовлі",4
"УРАЛ","Гори",4
"УРАН","Сьома планета або радіоактивний елемент",4
"УРАН","Радіоактивний метал ядерних реакторів",4
"УРОК","Навчальне заняття у школі",4
"ФАЙЛ","Цифровий документ",4
"ФЛОТ","Сукупність військових кораблів держави",4
"ФТОР","Елемент у складі зубної пасти",4
"ХАОС","Стан Всесвіту до порядку — і робочого столу після",4
"ХАТА","Сільський будинок",4
"ХАЩІ","Густі непрохідні зарості",4
"ХЕТИ","Давній народ Малої Азії, суперник Єгипту",4
"ХЛІБ","Основний продукт з випеченого тіста",4
"ХЛОР","Елемент",4
"ХОКУ","Вірш на три рядки",4
"ХРАМ","Споруда для релігійних обрядів",4
"ХРАП","Нічна музика, що дратує сусіда",4
"ХРІН","Корінь, від якого сльози",4
"ХРОМ","Метал, що робить бампери дзеркальними",4
"ХРОМ","Метал",4
"ХРУЩ","Травневий жук із поезії Шевченка",4
"ХУСТ","Місто на Закарпатті над Тисою",4
"ЦВЯХ","Металевий стрижень для забивання молотком",4
"ЦИНК","Метал, що рятує залізо від іржі",4
"ЦИНК","Метал",4
"ЦИРК","Шатро з ареною",4
"ЧИЛІ","Довга вузька країна вздовж узбережжя Тихого океану",4
"ЧУМА","Хвороба, що вбила третину населення середньовічної Європи",4
"ШАРФ","Довгий виріб для зігрівання шиї",4
"ШАФА","Меблі для зберігання одягу",4
"ШАХИ","Настільна гра на 64 клітинках",4
"ШАХИ","Інтелектуальна гра на 64 клітинках",4
"ШИФР","Ключ до сейфа чи послання",4
"ШОВК","Тканина, заради якої проклали давній торговий шлях",4
"ШПАК","Птах",4
"ЩУКА","Зубаста хижачка ставків",4
"ЩУКА","Хижа прісноводна риба з довгою пащею",4
"ЮКОН","Річка на Алясці й у Канаді",4
"ЯГНЯ","Дитина вівці",4
"ЯДРО","Куля штовхальника або серце атома",4
"ЯДРО","Важка куля для штовхання",4
"ЯЙЛА","Кримське гірське пасовище, безлісе нагір'я",4
"ЯЙЦЕ","Продукт птахівництва в скорлупі",4
"ЯКІР","Залізний аргумент проти дрейфу",4
"ЯЛТА","Курортне місто південного берега Криму",4
"ЯСЕН","Дерево, з якого робили списи",4
"ЯХТА","Приватне парусне чи моторне судно",4
"ЯХТА","Судно для парусного спорту",4
"АВАНС","Зарплата, що прийшла раніше",5
"АВТОР","Творець літературного твору",5
"АГЕНТ","007 за професією",5
"АГЕНТ","Посередник у переході гравця",5
"АЙДАР","Річка Луганщини, притока Сіверського Дінця",5
"АКОРД","Кілька нот, що дійшли згоди",5
"АКТОР","Виконавець ролі в театрі чи кіно",5
"АКУЛА","Риба з найгіршою репутацією",5
"АКУЛА","Хижа риба з гострими зубами",5
"АКЦІЯ","Частка компанії або розпродаж",5
"АЛЖИР","Найбільша за площею країна Африки",5
"АЛІБІ","Доказ, що ти був деінде",5
"АЛЬПИ","Гори, через які Ганнібал переганяв слонів",5
"АЛЬПИ","Найвищий гірський масив Західної Європи",5
"АМПЕР","Одиниця вимірювання сили струму",5
"АНГАР","Гараж для літаків",5
"АРБУЗ","Великий зелений плід з червоною соковитою серединою",5
"АРГОН","Інертний газ у складі повітря",5
"АРЕНА","Кругла сцена цирку",5
"АРЕНА","Місце публічних боїв і видовищ у Римі",5
"АРЕНА","Майданчик для видовищних змагань",5
"АРМІЯ","Збройні сили держави",5
"АРМІЯ","Збройні сили держави",5
"АРХІВ","Сховище старих паперів",5
"АРХІВ","Місце зберігання давніх документів",5
"АРХІВ","Місце зберігання документів минулого",5
"АТАКА","Наступальна дія в грі",5
"АТЛАС","Збірка географічних карт",5
"АТЛАС","Гірський масив на північному заході Африки",5
"АФИНИ","Карпатська назва чорниць",5
"АФІНИ","Місто, назване на честь богині мудрості",5
"АФІНИ","Батьківщина демократії в Стародавній Греції",5
"АФІНИ","Столиця з Акрополем",5
"АФІША","Паперовий анонс вистави",5
"БАБКА","Комаха-вертоліт над ставком",5
"БАБКА","Комаха з довгим тілом і двома парами крил",5
"БАГАЖ","Те, що звикло губитися в аеропортах",5
"БАГЕТ","Довгий французький хліб",5
"БАЗАР","Місце, де ціна — лише початок розмови",5
"БАЙКА","Історія, де звірі повчають людей",5
"БАЛЕТ","Театр, де говорять ногами",5
"БАЛКА","Пологий яр, порослий травою",5
"БАНАН","Жовтий довгий тропічний плід",5
"БАРАН","Самець вівці із закрученими рогами",5
"БЕРЕГ","Смуга суходолу біля води",5
"БИТВА","Велике збройне зіткнення військ",5
"БІГУН","Учасник змагань у бігу",5
"БІЗОН","Кошлатий бик прерій",5
"БІЛКА","Пухнастий гризун, що живе на деревах",5
"БІЛКА","Пухнастий гризун",5
"БІЛОК","Основний будівельний матеріал клітини",5
"БІРЖА","Ринок, де торгують повітрям і статками",5
"БОБЕР","Інженер-гідробудівельник із зубами",5
"БОБЕР","Будівник загат на річках",5
"БОКАЛ","Посудина для вина на ніжці",5
"БОЛІД","Гоночний автомобіль формули",5
"БРЕНД","Ім'я, за яке доплачують",5
"БРУСИ","Снаряд для віджимань на руках",5
"БУДЯК","Колючий бур'ян, улюбленець віслюків",5
"БУРЯК","Темно-червоний коренеплід для борщу",5
"БУТСИ","Взуття футболіста з шипами",5
"ВАГОН","Дім на колесах у складі потяга",5
"ВАЛЕТ","Молодший придворний у колоді",5
"ВАЛЬС","Танець на рахунок три",5
"ВАННА","Кімната для купання",5
"ВАРАН","Найбільша ящірка планети",5
"ВАРАН","Найбільший сучасний ящір",5
"ВАСАЛ","Феодал на службі в сеньйора",5
"ВАСАЛ","Феодал, підвладний вищому сеньйору",5
"ВАТРА","Карпатське вогнище",5
"ВАФЛЯ","Хрустке печиво з візерунком",5
"ВЕРБА","Дерево, що плаче над водою",5
"ВЕСЛО","Двигун човна на м'язовій тязі",5
"ВЕСЛО","Знаряддя для руху човна",5
"ВЕСНА","Пора року, коли все розквітає",5
"ВЕЧІР","Частина доби перед ніччю",5
"ВИДРА","Річкова мисливиця з цінним хутром",5
"ВИДРА","Спритний плавець із родини куницевих",5
"ВИЛКА","Прибор із зубцями для їжі",5
"ВИРОК","Фінал судової драми",5
"ВИТІК","Місце, де річка бере свій початок",5
"ВИШНЯ","Дерево з дрібними червоними кісточковими плодами",5
"ВІВЦЯ","Тварина, з якої стрижуть вовну",5
"ВІВЦЯ","Свійська тварина",5
"ВІДРО","Ємність з ручкою для води",5
"ВІЗИР","Права рука султана",5
"ВІЙНА","Збройний конфлікт між державами чи народами",5
"ВІКНО","Отвір у стіні для світла",5
"ВІРУС","Зараза комп'ютерна або грипозна",5
"ВІСІМ","Число після семи",5
"ВІСЛА","Найбільша річка сусідньої Польщі",5
"ВІТЕР","Рух повітряних мас",5
"ВОДІЙ","Той, хто керує транспортом",5
"ВОЛГА","Ріка, оспівана бурлаками",5
"ВОЛГА","Найдовша річка Європи",5
"ВОЛЬТ","Одиниця вимірювання електричної напруги",5
"ВОРОН","Птах Едгара По",5
"ВУГОР","Риба, схожа на змію",5
"ВУГОР","Довга слизька риба",5
"ВУДКА","Знаряддя терплячих",5
"ВУЛИК","Багатоквартирник для бджіл",5
"ГАВАЇ","Вулканічний архіпелаг у Тихому океані",5
"ГАДЯЧ","Давнє місто на Полтавщині",5
"ГАДЯЧ","Місто, де уклали договір про Велике князівство Руське",5
"ГАЇТІ","Острівна держава",5
"ГАМАК","Ліжко між двома деревами",5
"ГАНДІ","Лідер ненасильницького руху за незалежність Індії",5
"ГАНОК","Невеликий приступок перед входом у будинок",5
"ГАРАЖ","Приміщення для зберігання автомобіля",5
"ГАЧОК","Головний обманщик риби",5
"ГВИНТ","Металевий крепіж зі спіральною різьбою",5
"ГЕЙША","Японська майстриня бесіди й чаю",5
"ГЕЙША","Японська жінка-виконавиця традиційних мистецтв",5
"ГЕКОН","Ящірка, що ходить по стелі",5
"ГЕЛІЙ","Газ, що робить голос мультяшним",5
"ГЕЛІЙ","Легкий інертний газ для повітряних куль",5
"ГЕНІЙ","Один відсоток натхнення, решта — піт",5
"ГЕРОЙ","Персонаж твору чи людина великої мужності",5
"ГЕРОЙ","Людина, що здійснила визначний подвиг",5
"ГЕТРИ","Панчохи футболіста поверх щитків",5
"ГЕТТО","Ізольований квартал для примусового проживання",5
"ГИРЛО","Місце, де річка впадає в море чи іншу річку",5
"ГІЄНА","Хижачка, що сміється",5
"ГІЄНА","Хижак із характерним сміхом",5
"ГОЛКА","Тонкий гострий інструмент для шиття",5
"ГОЛЬФ","Гра",5
"ГОМЕР","Легендарний автор Іліади й Одіссеї",5
"ГОНКА","Змагання на швидкість",5
"ГОПАК","Танець із присядками й шароварами",5
"ГОРІХ","Плід у твердій шкаралупі",5
"ГРИВА","Довга шерсть на шиї лева чи коня",5
"ГРОЗА","Небесна артилерія",5
"ГРОШІ","Засіб оплати товарів і послуг",5
"ГРУША","Солодкий соковитий плід дерева",5
"ГУБКА","Найпростіший багатоклітинний мешканець моря",5
"ГУЛАГ","Система радянських таборів примусової праці",5
"ГУННИ","Кочовий народ, що прогнав готів у межі імперії",5
"ГУСАК","Свійський птах",5
"ГУСКА","Велика домашня водоплавна птиця",5
"ГУЦУЛ","Горянин із Карпат",5
"ДАНІЯ","Батьківщина Андерсена й конструктора Лего",5
"ДАРІЙ","Перський цар, що воював з греками при Марафоні",5
"ДАРТС","Метання дротиків у мішень",5
"ДВЕРІ","Отвір у стіні для входу й виходу",5
"ДЕБЮТ","Початок партії або кар'єри",5
"ДЕБЮТ","Початок партії на шаховій дошці",5
"ДЕРБІ","Матч принципових суперників з одного міста",5
"ДЕРУН","Млинець із тертої картоплі",5
"ДЕСНА","Ліва притока Дніпра, що тече через Чернігів",5
"ДЗЬОБ","Тверда частина морди птаха",5
"ДЗЮДО","Японське бойове мистецтво на татамі",5
"ДИМАР","Труба, якою тікає дим",5
"ДІЄТА","Подвиг, що починається з понеділка",5
"ДОЛАР","Валюта з президентами",5
"ДОСЬЄ","Папка з чужим життям",5
"ДОЧКА","Особа жіночої статі стосовно батьків",5
"ДОШКА","Поверхня для писання крейдою",5
"ДУНАЙ","Найбільша річка Європи, гирло якої в Україні",5
"ДУПЛО","Квартира білки в стовбурі",5
"ДЯТЕЛ","Птах",5
"ЕКЛЕР","Тістечко-блискавка з кремом",5
"ЕКРАН","Поверхня для показу зображення",5
"ЕЛЬБА","Острів, куди вислали Наполеона першого разу",5
"ЕПОХА","Час, який називають іменем після його кінця",5
"ЕПОХА","Тривалий період в історії з певними ознаками",5
"ЕСКІЗ","Чернетка художника",5
"ЕТНОС","Історично сформована спільнота людей з єдиною культурою",5
"ЖЕТОН","Гроші казино, що не дзвенять",5
"ЖИВІТ","Передня частина тулуба нижче грудей",5
"ЖИРАФ","Найвища тварина суходолу",5
"ЖОКЕЙ","Вершник на перегонах",5
"ЖУПАН","Верхній одяг козацької старшини",5
"ЗАЄЦЬ","Швидкий вухатий лісовий гризун",5
"ЗАЄЦЬ","Довговухий стрибун із заднім двором у полі",5
"ЗАКОН","Те, що суворе, але воно закон",5
"ЗАКОН","Обов'язкове для виконання правило, ухвалене владою",5
"ЗАМОК","Пристрій для запирання дверей",5
"ЗАМОК","Укріплена резиденція середньовічного феодала",5
"ЗАХІД","Сторона світу, де сідає сонце",5
"ЗБРОЯ","Знаряддя для ведення війни",5
"ЗБРУЧ","Річка, що колись була кордоном між імперіями",5
"ЗГРАЯ","Гурт вовків чи птахів",5
"ЗЕБРА","Кінь у тільняшці або перехід",5
"ЗЕБРА","Смугастий африканський родич коня",5
"ЗЕФІР","Солодкість, названа іменем вітру",5
"ЗІЛЛЯ","Трав'яний засіб чаклунки",5
"ЗІРКА","Небесне світило, що мерехтить уночі",5
"ЗЛИВА","Дощ, що не жартує",5
"ЗЛУКА","Об'єднання УНР і ЗУНР в один акт 1919 року",5
"ЗОШИТ","Папір у зшитому вигляді для писання",5
"ЗУМБА","Танцювальне заняття під музику",5
"ЗЯБРА","Орган дихання риби під водою",5
"ІКОНА","Священне зображення в православній традиції",5
"ІМБИР","Пекучий корінь проти застуди",5
"ІНГУЛ","Річка, що впадає в Південний Буг у Миколаєві",5
"ІНДИК","Велика домашня птиця з червоним наростом",5
"ІНДИК","Великий свійський птах з червоним наростом",5
"ІНДІЯ","Батьківщина буддизму та однієї з найдавніших цивілізацій",5
"ІНДІЯ","Найбільша демократія світу",5
"ІСКРА","Мала винуватиця великих пожеж",5
"ІСПИТ","Перевірка знань для оцінки",5
"КАБАН","Дикий предок домашньої свині",5
"КАБАН","Дикий лісовий родич свині",5
"КАБУЛ","Гірська столиця на перехресті Азії",5
"КАГУЛ","Озеро на південному заході Одеської області",5
"КАЖАН","Ссавець, що літає вухами",5
"КАЖАН","Єдиний ссавець",5
"КАЗКА","Вигадана оповідь з чарівним сюжетом",5
"КАКАО","Напій, з якого починається шоколад",5
"КАЛАЧ","Плетений святковий хліб",5
"КАЛІЙ","Елемент",5
"КАЛУШ","Хімічне місто на Івано-Франківщині",5
"КАНАЛ","Штучне водне русло",5
"КАНІВ","Місто над Дніпром, місце поховання Шевченка",5
"КАНОЕ","Індіанський човен",5
"КАНОЕ","Легкий човен без керма",5
"КАНЮК","Хижий птах",5
"КАСИР","Працівник, що приймає оплату на касі",5
"КАТАР","Багатий газом півострів у затоці",5
"КАТЕТ","Той, хто тримає прямий кут разом із братом",5
"КАЧКА","Свійський птах із перетинчастими лапами",5
"КВАНТ","Найменша порція енергії",5
"КЕГЛІ","Фігури",5
"КЕЛИХ","Скляна ніжка зі святом нагорі",5
"КЕНІЯ","Східноафриканська країна сафарі",5
"КЕФІР","Кисломолочний напій",5
"КИЛИМ","У казках — літальний апарат",5
"КИТАЙ","Країна з найдовшим оборонним муром світу",5
"КИТАЙ","Найлюдніша країна світу",5
"КЛОУН","Головний у цирку по сміху",5
"КНИГА","Друковане видання зі сторінок",5
"КНЯЗЬ","Правитель удільної землі за часів Русі",5
"КОАЛА","Австралійський ведмедик на евкаліпті",5
"КОАЛА","Австралійський звір",5
"КОБЗА","Струнний інструмент сліпих співців",5
"КОБЗА","Давній щипковий інструмент, попередник бандури",5
"КОБРА","Змія з капюшоном",5
"КОБРА","Отруйна змія з каптуром",5
"КОЗАК","Вільна людина з Січі",5
"КОЗАК","Вільний воїн-степовик доби Гетьманщини",5
"КОЗИР","Масть, що б'є всі інші",5
"КОЛБА","Скляна посудина для нагрівання розчинів",5
"КОЛІР","Візуальна властивість предмета - червоний, синій тощо",5
"КОЛОС","Гігантська статуя на острові Родос",5
"КОМАР","Кровосисна комаха з писклявим дзижчанням",5
"КОМИН","Домашня труба для диму",5
"КОМІК","Актор, якому платять за сміх",5
"КОНГО","Друга за повноводністю річка світу",5
"КОНИК","Стрибунець у траві",5
"КОНУС","Форма морозива-ріжка",5
"КОРАЛ","Будівельник рифів",5
"КОРАЛ","Морський організм",5
"КОРОП","Домашня риба ставкового господарства",5
"КОРОП","Прісноводна риба ставків",5
"КОСІВ","Гуцульське місто, відоме різьбярством і кераамікою",5
"КРИЛО","Орган для льоту у птахів",5
"КРУТИ","Місце бою студентів проти більшовиків 1918 року",5
"КУБОК","Трофей переможця змагань",5
"КУБОК","Трофей за перемогу в турнірі",5
"КУРКА","Домашня птиця, що несе яйця",5
"КУРКА","Свійський птах",5
"КУХАР","Майстер приготування їжі",5
"КУХНЯ","Кімната для приготування їжі",5
"ЛАВРА","Найголовніший, найбільший монастир",5
"ЛАДДЯ","Фігура-вежа на шаховій дошці",5
"ЛАЗЕР","Промінь, що ріже метал і розважає котів",5
"ЛАЗЕР","Пристрій",5
"ЛАМПА","Пристрій для освітлення",5
"ЛАСКА","Найменший хижак родини куницевих",5
"ЛЕМУР","Великоокий примат Мадагаскару",5
"ЛЕНІН","Керівник більшовицької революції 1917 року",5
"ЛИМАН","Затока в гирлі річки, відділена косою від моря",5
"ЛИМОН","Кислий жовтий цитрус",5
"ЛИТВА","Велике князівство, що приєднало руські землі",5
"ЛИТВА","Балтійська країна з Вільнюсом",5
"ЛИЦАР","Вершник у консервній банці",5
"ЛИЦАР","Кінний воїн-дворянин середньовічної Європи",5
"ЛІВАН","Мала середземноморська країна з кедрами",5
"ЛІГВО","Схованка дикого хижака",5
"ЛІДЕР","Той",5
"ЛІКАР","Фахівець, що лікує людей",5
"ЛІНЗА","Прозоре тіло",5
"ЛІТАК","Літальний транспорт з крилами",5
"ЛІТІЙ","Найлегший метал",5
"ЛОЖКА","Прибор для рідкої їжі",5
"ЛУСКА","Дрібні тверді пластинки на тілі риби",5
"ЛУЦЬК","Обласний центр Волині над Стиром",5
"ЛЬВІВ","Найбільше місто західної частини України",5
"ЛЬВІВ","Найбільше місто західної частини України",5
"ЛЮТЕР","Ченець, що прибив тези до дверей і почав реформацію",5
"ЛЮТИЙ","Найкоротший місяць року",5
"МАВКА","Лісова душа з «Лісової пісні»",5
"МАВПА","Спритний примат на дереві",5
"МАГМА","Розплавлене нутро планети",5
"МАЙКА","Верхня частина спортивної форми",5
"МАЛЯР","Майстер ремонту, що фарбує стіни",5
"МАНЕЖ","Критий майданчик для змагань",5
"МАРКА","Наклейка на конверт для оплати пошти",5
"МАРКС","Автор Капіталу, засновник наукового комунізму",5
"МАСКА","Обличчя напрокат",5
"МАСЛО","Молочний жир для бутербродів",5
"МЕРЛА","Невелика річка на Харківщині",5
"МЕТРО","Підземний швидкісний міський транспорт",5
"МИШКА","Гризун або маніпулятор",5
"МІДАС","Цар з міфу, у якого все перетворювалось на золото",5
"МІЛАН","Місто, де 313 року узаконили християнство едиктом",5
"МІРАЖ","Озеро, якого немає",5
"МІСТО","Великий населений пункт",5
"МІСТО","Великий населений пункт з розвиненою інфраструктурою",5
"МІТЛА","Транспорт відьми",5
"МОЗОК","Орган мислення в голові",5
"МОЛОТ","Снаряд на тросі для метання",5
"МОРЯК","Фахівець морської справи на кораблі",5
"МРЯКА","Дощ, що лінується падати",5
"МУЗЕЙ","Дім, де минуле за склом",5
"МУЗЕЙ","Заклад, що зберігає й показує історичні пам'ятки",5
"МУМІЯ","Найтерплячіший мешканець музею",5
"МУМІЯ","Забальзамоване тіло давнього єгиптянина",5
"МУШЛЯ","Тверда оболонка молюска",5
"НАМЕТ","Дім, що складається в рюкзак",5
"НАРОД","Спільнота людей, об'єднана мовою й культурою",5
"НАЦІЯ","Історична спільнота людей з єдиною територією й мовою",5
"НЕВІД","Велика рибальська сітка",5
"НЕПАЛ","Країна біля підніжжя Евересту",5
"НЕРОН","Імператор, звинувачений у підпалі Риму",5
"НИТКА","Тонка скручена пряжа для шиття",5
"НІЖИН","Місто, відоме солоними огірками",5
"НІКЕЯ","Місто першого вселенського церковного собору",5
"НІРКА","Підземне житло крота чи борсука",5
"НІЧИЯ","Результат без переможця",5
"НУБІЯ","Давнє царство на південь від Єгипту",5
"ОАЗИС","Зелена пляма серед пустелі з водою",5
"ОВРУЧ","Одне з найдавніших міст Полісся",5
"ОДЕСА","Портове місто на Чорному морі",5
"ОДЕСА","Портове місто-курорт на Чорному морі",5
"ОЗЕРО","Природна водойма без течії",5
"ОЗЕРО","Природна водойма без прямого зв'язку з морем",5
"ОКЕАН","Найбільша водна маса Землі",5
"ОКУНЬ","Смугастий колючий рибалчин трофей",5
"ОКУНЬ","Смугаста прісноводна риба",5
"ОЛЕНЬ","Той, хто возить Санту",5
"ОЛЕНЬ","Рогатий мешканець лісу",5
"ОЛІМП","Гора, де за міфами мешкали грецькі боги",5
"ОЛОВО","Метал, з якого лили солдатиків",5
"ОЛОВО","М'який метал для паяння",5
"ОЛЬГА","Перша князівна-християнка, помстилася за чоловіка",5
"ОПЕРА","Театр, де помирають співаючи",5
"ОРІЛЬ","Річка, що межує Дніпропетровщину й Полтавщину",5
"ОРЛИК","Гетьман-емігрант, автор першої конституції",5
"ОСІНЬ","Пора року між літом і зимою",5
"ОСКАР","Найвідоміша золота статуетка",5
"ОТАРА","Гурт овець на випасі",5
"ПАВИЧ","Птах, що носить віяло на собі",5
"ПАВИЧ","Птах із розкішним хвостом-віялом",5
"ПАВУК","Восьминогий плетун тенет",5
"ПАВУК","Восьминогий мисливець",5
"ПАНДА","Ведмідь на бамбуковій дієті",5
"ПАНДА","Чорно-білий ведмідь",5
"ПАПКА","Дім для файлів",5
"ПАРАД","Армія напоказ",5
"ПАРИЖ","Столиця з Ейфелевою вежею",5
"ПАРОМ","Судно для перевезення через водойму",5
"ПАРТА","Стіл для учня в класі",5
"ПАСКА","Великодній хліб",5
"ПАСТА","Італійське слово на всі макарони",5
"ПАЧКА","Спідниця балерини або цигарок",5
"ПЕКАР","Майстер хліб випікати",5
"ПЕКІН","Столиця з Забороненим містом",5
"ПЕРОН","Місце прощань і зустрічей",5
"ПЕШКА","Найслабша фігура на шаховій дошці",5
"ПИЛОК","Жовтий пил, що стає медом",5
"ПИРІГ","Печений виріб із начинкою",5
"ПІЛОТ","Той, хто керує літаком",5
"ПІЛОТ","Водій гоночного автомобіля",5
"ПІРАТ","Моряк під чорним прапором",5
"ПІРАТ","Морський розбійник",5
"ПІСНЯ","Твір для співу",5
"ПІСОК","Дрібні зерна на пляжі",5
"ПІТОН","Гігантський душитель тропіків",5
"ПІТОН","Величезна неотруйна змія-душитель",5
"ПІШАК","Найменший на дошці, та може стати ферзем",5
"ПЛАТО","Рівнина на висоті",5
"ПЛЕЧЕ","Частина тіла між шиєю і рукою",5
"ПЛИТА","Пристрій для приготування їжі на кухні",5
"ПОЕМА","Вірш, що розрісся до книжки",5
"ПОЇЗД","Транспорт на рейках",5
"ПОКЕР","Гра, де обличчя важливіше за карти",5
"ПОЛИН","Найгіркіша трава степу",5
"ПОЛОН","Стан бранця, захопленого ворогом",5
"ПОЛЮС","Точка, де всі напрямки — південь",5
"ПОПІЛ","Все, що лишається від багаття",5
"ПОРУБ","Давньоруська підземна в'язниця",5
"ПОСОЛ","Голос держави за кордоном",5
"ПОСОЛ","Дипломатичний представник держави",5
"ПОШТА","Служба доставки листів і посилок",5
"ПРАГА","Столиця сотні шпилів над Влтавою",5
"ПРИНЦ","Син монарха, спадкоємець престолу",5
"ПСЬОЛ","Річка, на якій стоять Суми",5
"ПУГАЧ","Найбільша сова наших лісів",5
"ПУГАЧ","Найбільша сова Європи",5
"ПУЛЬС","Барабан серця на зап'ясті",5
"РАБАТ","Столиця на атлантичному узбережжі Марокко",5
"РАДАР","Прилад, що читається однаково в обидва боки",5
"РАДІО","Пристрій для передачі звуку хвилями в ефір",5
"РАЙОН","Адміністративна одиниця, менша за область",5
"РАНОК","Початок доби, перед днем",5
"РАУНД","Три хвилини боксерської праці",5
"РАУНД","Один із відрізків бою в боксі",5
"РАХІВ","Найвище розташоване місто Закарпаття",5
"РЕБУС","Слово, зашифроване малюнками",5
"РЕГБІ","Гра з овальним м'ячем і захопленнями",5
"РИНОК","Місце торгівлі товарами",5
"РІВНЕ","Обласний центр на Усті",5
"РІЧКА","Природний водний потік",5
"РОБОТ","Працівник, що не просить відпустки",5
"РОБОТ","Механізм",5
"РОДЕО","Змагання з утримання на бику",5
"РОМАН","Великий за обсягом прозовий твір",5
"РОМЕО","Юнак з Верони, що помер від кохання",5
"РОЯЛЬ","Фортепіано, що розправило крило",5
"РТУТЬ","Єдиний рідкий метал за кімнатної температури",5
"РТУТЬ","Єдиний рідкий за кімнатної температури метал",5
"РУЇНА","Період занепаду й розколу Гетьманщини",5
"РУЧКА","Прилад для писання чорнилом",5
"РЮРИК","Легендарний засновник князівської династії",5
"САЛУН","Бар Дикого Заходу з дверима-крилами",5
"САЛЮТ","Стрілянина на радість",5
"САМБО","Радянський вид боротьби без зброї",5
"САМІТ","Зустріч на найвищому рівні",5
"САНКИ","Дитячий засіб для катання з гірки",5
"СВИНЯ","Домашня тварина, що дає сало та м'ясо",5
"СВИНЯ","Свійська тварина з п'ятачком",5
"СВЯТО","День урочистого відзначення події",5
"СЕЗОН","Період регулярних змагань",5
"СЕНАТ","Вищий державний орган Стародавнього Риму",5
"СЕРЕТ","Річка Тернопільщини, притока Дністра",5
"СЕРЦЕ","Орган, що качає кров по тілу",5
"СИБІР","Величезний холодний регіон на сході Росії",5
"СИВАШ","Мілководна затока, яку звуть Гнилим морем",5
"СИНУС","Тригонометрична функція",5
"СИРІЯ","Країна на схід від Середземного моря",5
"СІДЛО","Спорядження вершника на коні",5
"СІРКА","Жовта горюча речовина",5
"СІТКА","Перепона між половинами корту",5
"СКАРБ","Те, що пірати закопували, а археологи викопують",5
"СКАРБ","Заховані коштовності чи стародавні цінності",5
"СКАРБ","Заховані коштовності минулих епох",5
"СКВОШ","Гра ракеткою об стіну в закритому корті",5
"СКЕЛЯ","Камінь, на який ліземо з мотузкою",5
"СКЕЛЯ","Кам'яна відвесна брила",5
"СКІФИ","Кочовий народ причорноморських степів",5
"СКУНС","Звір",5
"СЛИВА","Дрібний темно-фіолетовий кісточковий плід",5
"СЛОВО","Найменша самостійна одиниця мови",5
"СЛОВО","Найдавніша пам'ятка літератури Русі про похід Ігоря",5
"СМІЛА","Місто на Черкащині, залізничний вузол",5
"СОБОР","Головний храм міста чи єпархії",5
"СОКІЛ","Найшвидший птах у піке",5
"СОКІЛ","Швидкісний хижий птах",5
"СОНАР","Ехолокатор підводника",5
"СОНЕТ","Чотирнадцять рядків за строгими правилами",5
"СОНЦЕ","Зоря, що світить і гріє вдень",5
"СОСНА","Хвойне дерево з довгою голкою",5
"СОТНЯ","Менша військова одиниця в складі козацького полку",5
"СОФІЯ","Одна з найдавніших столиць Європи",5
"СПЕКА","Дуже висока температура повітря",5
"СТАРТ","Постріл, після якого всі біжать",5
"СТЕЛЯ","Верхня поверхня всередині кімнати",5
"СТІНА","Вертикальна поверхня, що обмежує кімнату",5
"СТІНА","Споруда, що розділяла Берлін до 1989 року",5
"СТРИЙ","Місто на Львівщині над однойменною річкою",5
"СУДАК","Прісноводна хижа риба з гострими зубами",5
"СУДДЯ","Особа, що виносить вирок або стежить за правилами гри",5
"СУДДЯ","Той, хто стежить за правилами гри",5
"СУКНЯ","Жіночий одяг цілим полотном",5
"СЮЖЕТ","Кістяк будь-якої історії",5
"ТАБУН","Гурт коней чи диких копитних",5
"ТАЇТІ","Острів у Французькій Полінезії",5
"ТАКСІ","Легковий транспорт із водієм за оплату",5
"ТАНГО","Аргентинська пристрасть на паркеті",5
"ТАРАН","Колода для стукання в браму без запрошення",5
"ТАРАС","Ім'я Кобзаря",5
"ТЕАТР","Заклад для сценічних вистав",5
"ТЕМЗА","Річка",5
"ТЕНІС","Гра з ракеткою через сітку",5
"ТЕНОР","Високий чоловічий голос",5
"ТЕРМИ","Громадські лазні Стародавнього Риму",5
"ТЕРОР","Період масових страт під час Французької революції",5
"ТЕРТЯ","Сила опору між дотичними поверхнями",5
"ТИРАЖ","Наклад видання",5
"ТИТАН","Старший за богів, молодший за хаос",5
"ТИТАН","Міцний легкий метал для авіації",5
"ТИТРИ","Список тих, хто робив фільм",5
"ТІСТО","Майбутній хліб у сирому вигляді",5
"ТОКІО","Найлюдніша столична агломерація світу",5
"ТРАСА","Дорога для автоперегонів",5
"ТРУБА","Духовий музичний інструмент або деталь труби",5
"ТУМАН","Густа завіса водяної пари над землею",5
"ТУНІС","Північноафриканська країна з Карфагеном",5
"УГОДА","Компроміс на папері",5
"УЗВАР","Компот із сушені",5
"УМАНЬ","Місто з парком Софіївка",5
"ФАЗАН","Барвистий птах лісових узлісь",5
"ФАКЕЛ","Вогонь",5
"ФАНАТ","Пристрасний прихильник клубу",5
"ФАРАД","Одиниця вимірювання електричної ємності",5
"ФАРБА","Барвник для малювання",5
"ФАУСТ","Той, хто продав душу за знання",5
"ФЕРЗЬ","Найсильніша фігура на дошці",5
"ФЕРЗЬ","Найсильніша фігура на шаховій дошці",5
"ФІДЖІ","Архіпелаг у південній частині Тихого океану",5
"ФІНАЛ","Вирішальний матч турніру",5
"ФІНІШ","Стрічка, яку рвуть грудьми",5
"ФОКУС","Обман, за який аплодують",5
"ФОРМА","Зовнішній вигляд, обрис предмета",5
"ФОРМА","Одяг команди для гри",5
"ФОРУМ","Центральна площа й ринок стародавнього Риму",5
"ФРОНТ","Лінія бойового зіткнення армій",5
"ХАКЕР","Зломщик без лома",5
"ХАЛВА","Східна солодкість, від слова не солодшає",5
"ХАНОЙ","Столиця з тисячолітньою історією",5
"ХВИЛЯ","Рух води на поверхні моря чи озера",5
"ХВИЛЯ","Коливання",5
"ХВІСТ","Задня рухома частина тіла тварини",5
"ХВІСТ","Задня рухома частина тіла тварини",5
"ХИЖАК","Тварина",5
"ХІМІЯ","Наука про речовини та їхні перетворення",5
"ХМАРА","Скупчення пари у небі",5
"ХМАРИ","Скупчення водяної пари в небі (мн.)",5
"ХОКЕЙ","Гра на льоду з ключкою і шайбою",5
"ХОЛОД","Низька температура повітря",5
"ХОТИН","Місто з відомою фортецею на Дністрі",5
"ХУТІР","Невелике сільське поселення, часто одна садиба",5
"ЦЕЗАР","Римський диктатор, убитий у сенаті",5
"ЦИФРА","Знак для запису числа",5
"ЦУКОР","Солодка кристалічна речовина",5
"ЧАЙКА","Птах-кричун над портом або козацький човен",5
"ЧАЙКА","Легкий козацький морський човен",5
"ЧАЙКА","Морський птах",5
"ЧАПЛЯ","Довгонога птах біля водойм",5
"ЧАШКА","Посудина для чаю чи кави",5
"ЧЕХІЯ","Країна пива й Празького Граду",5
"ЧИСЛО","Математична величина, кількість",5
"ЧОВЕН","Невелике веслове судно",5
"ЧУМАК","Той, хто возив сіль Чумацьким Шляхом",5
"ЧУТКА","Інформація з невідомих джерел",5
"ШАБЛЯ","Крива подруга козака",5
"ШАЙБА","Гумовий диск у хокеї",5
"ШАКАЛ","Дрібний падальник із поганою славою",5
"ШАКАЛ","Невеликий хижак родини псових",5
"ШАПКА","Головний убір, особливо взимку",5
"ШАЦЬК","Селище на Волині серед мальовничих озер",5
"ШАШКИ","Гра на 64 клітинках із дисками",5
"ШЕРИФ","Зірка на грудях законника",5
"ШІСТЬ","Число після п'яти",5
"ШКІРА","Зовнішній покрив тіла людини",5
"ШКОЛА","Заклад для навчання дітей",5
"ШОРТИ","Короткі спортивні штани",5
"ШПРИЦ","Голка з поршнем",5
"ШПРИЦ","Інструмент для введення ліків під шкіру",5
"ШТИЛЬ","Море, що заснуло",5
"ШТОРМ","Море в поганому гуморі",5
"ШТРАФ","Плата за поспіх на дорозі",5
"ШУМЕР","Найдавніша цивілізація Межиріччя",5
"ЩИТКИ","Захист гомілок футболіста",5
"ЩІТКА","Знаряддя з ворсом для чищення",5
"ЩОГЛА","Дерево, що виросло на палубі",5
"ЮРИСТ","Фахівець із права",5
"ЯГОДА","Дрібний соковитий плід кущів",5
"ЯГУАР","Плямистий хижак Амазонії або авто",5
"ЯГУАР","Велика дика кішка Південної Америки",5
"ЯЛПУГ","Найбільше озеро України, на Одещині",5
"ЯНЦЗИ","Найдовша річка Азії",5
"ЯРУГА","Поетична назва глибокого яру чи балки",5
"АБЕТКА","Впорядкований перелік букв мови",6
"АВГУСТ","Перший імператор Риму",6
"АЙКІДО","Японське мистецтво самооборони без ударів",6
"АКАЦІЯ","Біла окраса травня з колючками",6
"АЛАДІН","Власник найкориснішої лампи",6
"АМАТОР","Спортсмен без професійного статусу",6
"АМУЛЕТ","Прикраса від лихого ока",6
"АМФОРА","Давньогрецька посудина з двома ручками",6
"АНАНАС","Тропічний плід з колючою шкіркою й чубчиком",6
"АНГІНА","Хвороба, що бере за горло",6
"АНГЛІЯ","Держава, що дала світу парламентаризм",6
"АНГОЛА","Нафтова країна на південному заході Африки",6
"АНКАРА","Столиця",6
"АНКЛАВ","Територія однієї держави всередині іншої",6
"АНТЕНА","Вуса телевізора",6
"АПЕТИТ","Те, що приходить під час їжі",6
"АРАВІЯ","Півострів між Червоним морем і Перською затокою",6
"АРБІТР","Інша назва судді на полі",6
"АРМАДА","Великий іспанський флот, розбитий англійцями 1588 року",6
"АТИЛЛА","Ватажок гунів, прозваний бичем божим",6
"АТЛАНТ","Титан, якому небо впало на плечі — буквально",6
"АФРИКА","Континент, поділений європейцями наприкінці ХІХ століття",6
"АФРИКА","Континент пустель і саван",6
"АЦТЕКИ","Народ, що будував піраміди в долині Мехіко",6
"БАГАМИ","Архіпелаг біля узбережжя Флориди",6
"БАГДАД","Столиця над Тигром",6
"БАГІРА","Пантера-вихователька Мауглі",6
"БАЙКАЛ","Найглибше озеро планети",6
"БАКЛАН","Птах-рибалка з чорним пір'ям",6
"БАОБАБ","Найтовстіше дерево Африки",6
"БАРЛІГ","Зимова квартира ведмедя",6
"БАРЛІГ","Зимове лігво ведмедя",6
"БАРТЕР","Торгівля без грошей",6
"БАРХАН","Хвиля, що складається з піску",6
"БАСЕЙН","Територія, з якої річка збирає свої води",6
"БАСЕЙН","Штучна водойма для плавання",6
"БДЖОЛА","Комаха, що робить мед",6
"БДЖОЛА","Комаха",6
"БЕДУЇН","Кочівник пустелі",6
"БЕЙРУТ","Столиця",6
"БЕРЕЗА","Дерево з білою корою",6
"БЕРКУТ","Могутній гірський орел",6
"БЕРЛІН","Місто, розділене стіною під час холодної війни",6
"БЕРЛІН","Столиця",6
"БИВЕНЬ","Довгий загострений зуб слона чи моржа",6
"БІЦЕПС","М'яз",6
"БОГДАН","Гетьман, що уклав союз із Москвою 1654 року",6
"БОГОТА","Гірська столиця на висоті понад дві тисячі метрів",6
"БОКСЕР","Той, хто б'ється в рукавицях на рингу",6
"БОЛОТО","Перезволожена ділянка суходолу",6
"БОНСАЙ","Дерево, що вміщається на столі",6
"БОРЕЦЬ","Той",6
"БОРСУК","Смугастий будівельник нір",6
"БОРСУК","Смугастий нічний мешканець нори",6
"БОСФОР","Протока",6
"БОЯРИН","Представник вищої знаті в давній Русі",6
"БРОНЗА","Нагорода за третє місце",6
"БУЛАВА","Символ гетьманської влади",6
"БУЛАВА","Символ гетьманської влади",6
"БЮДЖЕТ","План, що ніколи не сходиться",6
"ВАКУУМ","Простір без речовини",6
"ВАЛІЗА","Сумка для речей у подорожі",6
"ВАЛЮТА","Гроші інших країн",6
"ВАНІЛЬ","Найдорожча прянність з орхідеї",6
"ВАРВАР","Означення чужинця з погляду грека чи римлянина",6
"ВАСАБІ","Зелений японський вогонь",6
"ВЕКТОР","Величина зі стрілкою",6
"ВЕКТОР","Величина з напрямом і довжиною",6
"ВЕНЕРА","Богиня, що народилася з піни",6
"ВИБОРИ","Процедура обрання влади народом",6
"ВІГВАМ","Житло індіанця",6
"ВІДЕНЬ","Столиця вальсів над Дунаєм",6
"ВІДКУП","Право збирати податки за платню державі",6
"ВІДЬМА","Жінка з мітлою й репутацією",6
"ВІКІНГ","Скандинав, що припливав без запрошення",6
"ВОДЕНЬ","Найлегший хімічний елемент",6
"ВОЛИНЬ","Історичний край на північному заході",6
"ВОРОНА","Чорний кмітливий птах",6
"ВОРОТА","Ціль для забивання голів у футболі",6
"ВОРОТА","Рамка, куди заганяють м'яч чи шайбу",6
"ВУЛКАН","Гора з вогняним характером",6
"ГАВАНА","Столиця острова сигар і рому",6
"ГАВАНЬ","Тиха вода для втомлених суден",6
"ГАДЮКА","Єдина отруйна змія наших лісів",6
"ГАДЮКА","Отруйна змія помірних широт",6
"ГАЗЕЛЬ","Антилопа, з якою порівнюють граційних",6
"ГАЗЕТА","Новини, що пахнуть фарбою",6
"ГАЛЛІЯ","Давня назва території сучасної Франції",6
"ГАМБІТ","Жертва пішака заради атаки",6
"ГАМЛЕТ","Принц із питанням на всі часи",6
"ГАРБУЗ","Великий оранжевий овоч на Хелловін",6
"ГЕЙЗЕР","Фонтан, що б'є з-під землі окропом",6
"ГЕНРІХ","Ім'я восьми англійських королів поспіль",6
"ГЕПАРД","Найшвидший звір планети",6
"ГЕПАРД","Найшвидша наземна тварина",6
"ГЕРАКЛ","Герой, що здійснив дванадцять неможливих подвигів",6
"ГІТАРА","Струнний музичний інструмент",6
"ГІТЛЕР","Диктатор, що розпочав Другу світову війну",6
"ГЛАЗУР","Солодкий панцир торта",6
"ГЛОБУС","Об'ємна модель земної кулі",6
"ГЛУХІВ","Колишня гетьманська столиця на Сумщині",6
"ГЛЯДАЧ","Той",6
"ГНІЗДО","Житло птаха",6
"ГНІЗДО","Житло",6
"ГОГОЛЬ","Автор «Вія», народжений на Полтавщині",6
"ГОДИНА","Проміжок часу з 60 хвилин",6
"ГОРИЛА","Найбільша з мавп",6
"ГОРИЛА","Найбільша людиноподібна мавпа",6
"ГОРИНЬ","Притока Прип'яті на Волині та Рівненщині",6
"ГОРМОН","Речовина",6
"ГРАДУС","Одиниця вимірювання температури чи кута",6
"ГРАФИН","Скляна посудина з вузьким горлом",6
"ГРЕБЛЯ","Споруда бобра чи гідроелектростанції",6
"ГРЕЦІЯ","Батьківщина Олімпійських ігор і філософії",6
"ГРЕЦІЯ","Батьківщина Олімпійських ігор",6
"ГРЕЧКА","Коричнева каша-крупа",6
"ГРИВНЯ","Українська валюта, старша за долар",6
"ГРИВНЯ","Стародавня грошова та вагова одиниця, нині валюта",6
"ГРИЗУН","Тварина з різцями",6
"ГУСІНЬ","Личинка метелика",6
"ДАМАСК","Одне з найдавніших постійно заселених міст",6
"ДАНИЛО","Король Галицько-Волинського князівства",6
"ДАНИНА","Податок, який платили підкорені племена князю",6
"ДАРВІН","Природознавець, автор теорії еволюції",6
"ДЕЛЬТА","Розгалужене гирло річки при впадінні в море",6
"ДЕЛЬФИ","Місце найвідомішого оракула Стародавньої Греції",6
"ДЕСЕРТ","Аргумент лишити місце в шлунку",6
"ДЕСЯТЬ","Число після дев'яти",6
"ДЖМІЛЬ","Пухнастий гудільник над квітами",6
"ДЖМІЛЬ","Пухнастий гудючий родич бджоли",6
"ДЖОУЛЬ","Одиниця вимірювання енергії",6
"ДИКТОР","Голос новин",6
"ДИПЛОМ","Документ про закінчення навчання",6
"ДИТИНА","Мала за віком людина",6
"ДНІПРО","Найдовша річка України",6
"ДНІПРО","Четверте за величиною місто країни, перейменоване 2016 року",6
"ДОЛИНА","Низина між горами",6
"ДОЛИНА","Знижена ділянка землі між пагорбами чи горами",6
"ДОМІНО","Гра, де кістки падають ланцюгом",6
"ДОМІНО","Гра кістками з крапками",6
"ДОНБАС","Промисловий регіон сходу країни",6
"ДОРОГА","Шлях для руху транспорту",6
"ДОСЛІД","Практична перевірка наукового припущення",6
"ДРАКАР","Корабель вікінгів з драконом на носі",6
"ДРАКОН","Казковий вогнедишний звір",6
"ДУБЛІН","Столиця над річкою Ліффі",6
"ЕКІПАЖ","Команда літака чи карета",6
"ЕКІПАЖ","Команда гонщиків одного боліда чи човна",6
"ЕПІЛОГ","Слово після всіх слів",6
"ЄВРОПА","Континент",6
"ЄВФРАТ","Одна з двох річок Месопотамії",6
"ЄГИПЕТ","Країна фараонів і пірамід на Нілі",6
"ЄНІСЕЙ","Річка",6
"ЄРЕВАН","Столиця біля підніжжя Арарату",6
"ЄРЕТИК","Той, хто відступив від офіційного вчення церкви",6
"ЖИРАФА","Тварина, якій видно всіх",6
"ЗАЛІЗО","Метал",6
"ЗАМБІЯ","Країна водоспаду Вікторія",6
"ЗАМІНА","Вихід одного гравця замість іншого",6
"ЗАТОКА","Частина моря, що глибоко вдається в суходіл",6
"ЗБАРАЖ","Місто на Тернопільщині з відомим замком",6
"ЗБІРНА","Команда країни на міжнародних турнірах",6
"ЗДОБИЧ","Тварина",6
"ЗМІННА","Величина",6
"ЗНИЖКА","Магніт розпродажів",6
"ЗОДІАК","Дванадцять знаків долі",6
"ЗОЗУЛЯ","Птаха, що рахує роки й підкидає яйця",6
"ЗОЗУЛЯ","Птах",6
"ЗОЛОТО","Найвища нагорода змагань",6
"ІБЕРІЯ","Давня назва Піренейського півострова",6
"ІГУАНА","Ящірка з гребенем денді",6
"ІГУАНА","Великий тропічний плазун",6
"ІЗМАЇЛ","Дунайське портове місто на півдні Одещини",6
"ІЗОТОП","Різновид елемента з іншою кількістю нейтронів",6
"ІРПІНЬ","Місто-супутник Києва на однойменній річці",6
"ІТАЛІЯ","Держава, об'єднана Гарібальді у ХІХ столітті",6
"ІТАЛІЯ","Країна пасти та Колізею",6
"ЙОГУРТ","Кисломолочний продукт із фруктовими добавками",6
"КАВКАЗ","Гори між Чорним і Каспійським морями",6
"КАВНИК","Пристрій для приготування кави",6
"КАКАДУ","Папуга з чубчиком на голові",6
"КАЛИНА","Кущ-символ України з червоними кетягами",6
"КАМЕРА","Пристрій для фотографування чи зйомки",6
"КАМІНЬ","Твердий уламок гірської породи",6
"КАНАДА","Північноамериканська держава, колишня британська колонія",6
"КАНАДА","Північноамериканська країна кленового листка",6
"КАНАРИ","Іспанський архіпелаг біля берегів Африки",6
"КАПКАН","Залізна пастка на звіра",6
"КАРАСЬ","Найневибагливіша риба ставка",6
"КАРАТЕ","Японське бойове мистецтво ударів",6
"КАРТКА","Попередження судді гравцю",6
"КАСПІЙ","Найбільша замкнена водойма планети",6
"КАТАНА","Меч самурая",6
"КАШЕЛЬ","Симптом, що видає з головою",6
"КАШТАН","Символ Києва на бруківці",6
"КВИТОК","Папірець, що відкриває дорогу",6
"КВІТКА","Яскрава частина рослини, що приваблює комах",6
"КЕЛЬТИ","Давньоєвропейський народ, предки ірландців і галлів",6
"КИСЕНЬ","Газ",6
"КІЛЬЦЯ","Гімнастичний снаряд, що висить на тросах",6
"КІМОНО","Форма каратиста чи японський халат",6
"КІНЕЦЬ","Момент, яким щось завершується",6
"КЛІМАТ","Багаторічний режим погоди певної місцевості",6
"КЛЮШКА","Знаряддя хокеїста",6
"КОБЗАР","Головна книга Шевченка",6
"КОБЗАР","Мандрівний співець-музикант або назва книги Шевченка",6
"КОВБОЙ","Вершник із ласо",6
"КОВДРА","Захист від ранку й холоду",6
"КОВЕЛЬ","Залізничний вузол на Волині",6
"КОЛІНО","Суглоб на нозі, що згинається",6
"КОЛОДА","Гімнастичний снаряд для рівноваги",6
"КОЛУМБ","Мореплавець, що відкрив Америку для Європи 1492 року",6
"КОМЕТА","Небесна мандрівниця з хвостом",6
"КОМПАС","Прилад, закоханий у північ",6
"КОМПАС","Прилад",6
"КОНДОР","Найбільший хижий птах Анд",6
"КОНКУР","Кінні перегони зі стрибками через перешкоди",6
"КОНСУЛ","Найвищий виборний посадовець Римської республіки",6
"КОПИТО","Тверда кінцівка коня чи корови",6
"КОРДОН","Лінія між державами",6
"КОРДОН","Лінія, що розділяє території двох держав",6
"КОРДОН","Лінія, що розділяє території держав",6
"КОРИЦЯ","Прянність із кори",6
"КОРОВА","Свійська тварина",6
"КОРОЛЬ","Спадковий монарх європейської держави",6
"КОРОЛЬ","Головна фігура на шаховій дошці",6
"КОРОНА","Головний убір, через який починалися війни",6
"КОРОНА","Головний убір монарха як символ влади",6
"КОРСАР","Пірат із королівською ліцензією",6
"КОРСАР","Морський розбійник на службі держави",6
"КОРЧИК","Невелика річка Житомирщини",6
"КОСМОС","Простір, де не чути крику",6
"КОСТЮМ","Офіційний комплект одягу з піджака й штанів",6
"КОСУЛЯ","Мініатюрна дика коза лісів",6
"КОФЕЇН","Легальний ранковий допінг",6
"КРАЇНА","Територія з власним урядом і кордонами",6
"КРАТЕР","Вирва вулкана чи метеорита",6
"КРЕДИТ","Чужі гроші, що стають твоїм болем",6
"КРИКЕТ","Британська гра з битою і хвіртками",6
"КРОЛИК","Довговухий гризун із теплою шубкою",6
"КСЕРКС","Перський цар, що воював при Фермопілах",6
"КУВЕЙТ","Нафтова держава в затоці",6
"КУЛІСИ","Місце, звідки актори з'являються",6
"КУНИЦЯ","Спритний лісовий хижак",6
"КУНТУШ","Верхній розпашний одяг знаті й старшини",6
"КУРГАН","Степова могила, старша за письмо",6
"КУРГАН","Стародавній насипний могильний горб",6
"КУРГАН","Стародавній насипний могильний горб",6
"КУРОРТ","Місце, де відпочивають за гроші",6
"КУРСОР","Стрілка, слухняна миші",6
"КУРТКА","Верхній короткий одяг",6
"ЛАВИНА","Сніг, що зірвався з гори",6
"ЛАТВІЯ","Балтійська країна з Ригою",6
"ЛЕБІДЬ","Граційний білий птах на озері",6
"ЛЕГІОН","Військове формування українських січових стрільців",6
"ЛЕГІОН","Основна бойова одиниця римської армії",6
"ЛЕЛЕКА","Птах, що за легендою приносить дітей",6
"ЛЕЛЕКА","Птах",6
"ЛИЖНИК","Спортсмен на дошках по снігу",6
"ЛИПЕНЬ","Середина літа",6
"ЛИСИЦЯ","Хитрий рудий лісовий хижак",6
"ЛИСИЦЯ","Руда хитра хижачка",6
"ЛІБЕРО","Гравець із захисними функціями у волейболі",6
"ЛІТЕРА","Знак письма, буква",6
"ЛІХТАР","Вуличний нічний черговий",6
"ЛОГІКА","Наука, з якою важко сперечатися",6
"ЛОЗОВА","Залізничний вузол на Харківщині",6
"ЛОНДОН","Столиця над Темзою",6
"ЛОСОСЬ","Риба, що пливе проти течії на нерест",6
"ЛОСОСЬ","Риба",6
"ЛЮДИНА","Розумна істота, homo sapiens",6
"ЛЯЛЬКА","Дитяча іграшка у вигляді людини",6
"МАГНІЙ","Легкий метал",6
"МАГНІТ","Залізний спокусник",6
"МАГНІТ","Тіло",6
"МАДРИД","Столиця з музеєм Прадо",6
"МАЗЕПА","Гетьман, що уклав союз зі шведським королем",6
"МАЙДАН","Центральна площа Києва, символ протестів",6
"МАЛИНА","Червона ягода на колючому кущі",6
"МАЛЬТА","Крихітний острів-держава в Середземному морі",6
"МАНІЛА","Столиця архіпелагу з понад сімома тисячами островів",6
"МАТРАЦ","М'яка основа сну",6
"МАУГЛІ","Хлопчик, вихований вовками",6
"МЕДАЛЬ","Нагорода за спортивне досягнення",6
"МЕДАЛЬ","Нагорода за місце на п'єдесталі",6
"МЕДУЗА","Желе, що плаває і жалить",6
"МЕДУЗА","Морська істота",6
"МЕКОНГ","Річка",6
"МЕХІКО","Столиця",6
"МІКАДО","Титул японського імператора",6
"МІКЕНИ","Давньогрецька цивілізація бронзової доби",6
"МІНСЬК","Столиця над річкою Свіслоч",6
"МІСТОК","Гімнастична вправа - прогин тіла назад",6
"МІСЯЦЬ","Природний супутник Землі",6
"МІШЕНЬ","Ціль для стрільби чи метання",6
"МОЛОДА","Прикметник до Січі, заснованої за Дунаєм пізніше",6
"МОЛОДЬ","Юні люди суспільства",6
"МОЛОКО","Білий напій від корови",6
"МОНАКО","Крихітна держава на Рів'єрі з казино",6
"МОНЕТА","Металевий грошовий знак",6
"МОНЕТА","Металевий грошовий знак",6
"МОНЕТА","Металевий грошовий знак",6
"МОНТАЖ","Склеювання фільму з кадрів",6
"МОРКВА","Оранжевий коренеплід",6
"МОСКВА","Місто, звідки Наполеон почав відступ 1812 року",6
"МУЗИКА","Мистецтво звуків, ритму й мелодії",6
"МУРАХА","Дрібна працьовита комаха-будівельник",6
"МУРАХА","Дрібна комаха",6
"НАРАДА","Зустріч, що могла бути листом",6
"НАРВАЛ","Кит із довгим спіральним бивнем",6
"НАРКОЗ","Сон на операційному столі",6
"НАРЦИС","Квітка, названа іменем самозакоханого",6
"НАТРІЙ","Елемент",6
"НАЦИЗМ","Ідеологія німецького режиму 1930-40-х років",6
"НЕДІЛЯ","Останній день тижня",6
"НЕЖИТЬ","Хвороба, що тече з носа",6
"НЕКТАР","Напій богів і бджіл",6
"НЕСТОР","Чернець-літописець, автор Повісті временних літ",6
"НІГОТЬ","Твердий покрив на кінчику пальця",6
"НІКЕЛЬ","Метал з п'ятицентовика",6
"НІКЕЛЬ","Метал у складі монет і сплавів",6
"НІНДЗЯ","Невидимий воїн ночі",6
"НОКАУТ","Аргумент, після якого рахують до десяти",6
"НОКАУТ","Перемога через втрату свідомості суперника",6
"НЬЮТОН","Учений, що сформулював закони руху й тяжіння",6
"НЬЮТОН","Одиниця вимірювання сили",6
"ОБЕРІГ","Річ, що за повір'ям захищає від лиха",6
"ОБЛОГА","Найдовший спосіб узяти місто",6
"ОБЛОГА","Тривале військове оточення міста чи фортеці",6
"ОБУХІВ","Місто на Київщині над Дніпром",6
"ОГІРОК","Зелений овоч для салату й соління",6
"ОПІЛЛЯ","Лісостеповий край на Прикарпатті",6
"ОРАКУЛ","Дельфійський прогнозист",6
"ОРАКУЛ","Місце чи особа, що провіщає волю богів",6
"ОРБІТА","Замкнене коло небесного тіла",6
"ОРБІТА","Шлях тіла навколо іншого в просторі",6
"ОСМАНИ","Турецька династія, що правила великою імперією",6
"ОСТРІВ","Суходіл, оточений водою з усіх боків",6
"ОСТРІВ","Суходіл, оточений водою з усіх боків",6
"ОТЕЛЛО","Мавр, що задушив від ревнощів",6
"ОТТАВА","Столиця над каналом Рідо",6
"ОФСАЙД","Порушення положення нападника",6
"ОЦІНКА","Бал за знання учня",6
"ОЧАКІВ","Портове місто на Миколаївщині, засноване як фортеця",6
"ОЧЕРЕТ","Трава, що шумить над ставом",6
"ПАВІАН","Мавпа з собачою мордою",6
"ПАЛЕЦЬ","Рухома частина кисті чи стопи",6
"ПАЛЬТО","Тепла верхня довга одежина",6
"ПАНАМА","Країна з каналом між двома океанами",6
"ПАНЦИР","Твердий захисний покрив черепахи чи краба",6
"ПАПУГА","Птах, що повторює за вами",6
"ПАПУГА","Барвистий птах",6
"ПАРАНА","Друга за довжиною річка Південної Америки",6
"ПАРКУР","Подолання міських перешкод бігом і стрибками",6
"ПАРОЛЬ","Слово, яке вічно забувають",6
"ПАСІКА","Бджолина ферма",6
"ПАТЕНТ","Документ",6
"ПЕЙЗАЖ","Природа в рамі",6
"ПЕРЕЦЬ","Гострий або солодкий овоч-стручок",6
"ПЕРИКЛ","Афінський державний діяч золотого віку демократії",6
"ПЕРІОД","Відрізок хокейного матчу",6
"ПЕРНАЧ","Символ влади козацького полковника",6
"ПЕРСІЯ","Давня імперія, суперниця грецьких полісів",6
"ПЕЧЕРА","Кам'яний дім первісної людини",6
"ПЕЧЕРА","Порожнина в горі чи скелі",6
"ПІВЕНЬ","Свійський птах",6
"ПІВНІЧ","Сторона світу, протилежна півдню",6
"ПІДВАЛ","Приміщення під будинком, нижче землі",6
"ПІНЦЕТ","Інструмент для захоплення дрібних предметів",6
"ПІРУЕТ","Оберт фігуриста на одній нозі",6
"ПЛАЗМА","Четвертий стан матерії з іонів",6
"ПЛАЗУН","Тварина з холодною кров'ю і лускою",6
"ПЛАТОН","Учень Сократа, засновник Академії",6
"ПЛЕБЕЙ","Простолюдин у Стародавньому Римі",6
"ПЛІТКА","Новина, що росте з кожним переказом",6
"ПЛУТОН","Планета, яку розжалували",6
"ПОДАЧА","Початковий удар у волейболі чи тенісі",6
"ПОДІУМ","Місце для нагородження призерів",6
"ПОЛЬКА","Швидкий танець або мешканка Варшави",6
"ПОЛЬЩА","Сусідня держава, що довго володіла Правобережжям",6
"ПОЛЬЩА","Західний сусід України з Варшавою",6
"ПОМПЕЙ","Суперник Цезаря за владу в Римі",6
"ПОРЦІЯ","Їжа на одного",6
"ПРАВДА","Найдавніший писаний збірник законів Русі, за назвою",6
"ПРАПОР","Полотнище державних кольорів",6
"ПРАПОР","Синьо-жовте полотнище, державний символ",6
"ПРАПОР","Полотнище як символ держави чи руху",6
"ПРАПОР","Символ країни на змаганнях",6
"ПРЕМІЯ","Приємний додаток до зарплати",6
"ПРЕРІЯ","Американський степ ковбоїв",6
"ПРЕРІЯ","Трав'яниста рівнина Північної Америки",6
"ПРЕТОР","Високий судовий сановник Стародавнього Риму",6
"ПРИВАЛ","Законна пауза в поході",6
"ПРИЗЕР","Учасник",6
"ПРИЗМА","Прозоре тіло",6
"ПРИЙОМ","Дія у відповідь на подачу суперника",6
"ПРИМАТ","Найрозвиненіший ряд ссавців",6
"ПРИСІД","Базова силова вправа для ніг",6
"ПРИТЧА","Короткий повчальний переказ",6
"ПРИЧАЛ","Місце швартування",6
"ПРІРВА","Глибина, в яку краще не заглядати",6
"ПРОЛОГ","Слово перед усіма словами",6
"ПРОРИВ","Швидкий рух гравця крізь оборону",6
"ПРОТОН","Позитивно заряджена частинка ядра",6
"РАВЛИК","Молюск, що нікуди не поспішає",6
"РАКЕТА","Літальний апарат для космічних запусків",6
"РАКЕТА","Апарат",6
"РЕГАТА","Перегони під вітрилами",6
"РЕГАТА","Змагання яхт чи веслувальних човнів",6
"РЕЄСТР","Список козаків, узятих на державну службу",6
"РЕЗЮМЕ","Життя на одній сторінці",6
"РЕЙГАН","Американський президент, актор до політики",6
"РЕКОРД","Результат, що чекає, коли його поб'ють",6
"РЕКОРД","Найкраще досягнення в історії",6
"РЕФЕРІ","Суддя на рингу",6
"РЕФЕРІ","Інша назва судді в деяких видах спорту",6
"РЕЦЕПТ","Інструкція до страви чи ліків",6
"РИЧАРД","Англійський король на прізвисько Левове Серце",6
"РОЗСІЛ","Рідина з-під огірків, рятівна вранці",6
"РОЗЧИН","Однорідна суміш речовин у рідині",6
"РОЛИКИ","Взуття з колесами замість леза",6
"РОПУХА","Земноводне з бородавчастою шкірою",6
"РЮКЗАК","Шафа на спині туриста",6
"САВАНА","Африканський степ із баобабами",6
"САВАНА","Трав'яниста рівнина з рідкими деревами в Африці",6
"САКУРА","Вишня, заради якої їдуть до Японії",6
"САЛЬТО","Перекидання тіла в повітрі",6
"САМАРА","Ліва притока Дніпра на Дніпропетровщині",6
"САМБІР","Давнє місто на Львівщині",6
"САРАНА","Комаха",6
"САТУРН","Планета в каблучках",6
"САХАРА","Найбільша спекотна пустеля світу",6
"СВІДОК","Той, хто бачив і мусить розказати",6
"СВІЧКА","Вогник на восковій ніжці",6
"СЕКРЕТ","Те, що знають двоє — знає свиня",6
"СЕЛИЩЕ","Населений пункт, менший за місто",6
"СЕРБІЯ","Балканська країна зі столицею Белград",6
"СЕРЕДА","День тижня посеред робочих днів",6
"СЕСТРА","Дочка тих самих батьків",6
"СИГНАЛ","Те, чого нема в тунелі",6
"СИНИЦЯ","Птаха, яку тримають у жмені",6
"СИНИЦЯ","Маленький жовтогрудий птах",6
"СИНЮХА","Права притока Південного Бугу",6
"СІЧЕНЬ","Перший місяць року",6
"СКАНЕР","Пристрій, що оцифровує папір",6
"СКАНЕР","Пристрій",6
"СЛАЛОМ","Швидкісний спуск між прапорцями",6
"СЛИМАК","Равлик, що загубив хатку",6
"СНІГУР","Птах із червоними грудьми взимку",6
"СОКИРА","Інструмент для рубання дров",6
"СОКРАТ","Філософ, що вчив через запитання і не лишив творів",6
"СОЛДАТ","Військовослужбовець",6
"СОРОКА","Птаха-клептоманка",6
"СОРОКА","Птах-балакунка",6
"СПАРТА","Місто трьохсот воїнів царя Леоніда",6
"СПАРТА","Поліс войовничих воїнів Стародавньої Греції",6
"СПЕКТР","Розклад світла за кольорами",6
"СПІВАК","Виконавець пісень",6
"СПРИНТ","Біг на всі гроші за десять секунд",6
"СПРИНТ","Забіг на коротку дистанцію",6
"СРІБЛО","Нагорода за друге місце",6
"СТАВКА","Сума",6
"СТАЛІН","Радянський диктатор, наступник Леніна",6
"СТАТУЯ","Людина з мармуру",6
"СТОЛЯР","Майстер, що виготовляє меблі з дерева",6
"СТРАУС","Птах, що ховає голову — за міфом — у пісок",6
"СТРАУС","Найбільший нелітаючий птах",6
"СТРІЛА","Снаряд, що випускають з лука",6
"СТРУНА","Те, що натягують і на гітарі, і в нервах",6
"СТУДІЯ","Кімната, де народжуються передачі",6
"СУБОТА","Передостанній день тижня",6
"СУЛТАН","Східний володар із гаремом",6
"СУЛТАН","Титул правителя Османської імперії",6
"СУФЛЕР","Підказувач із будки",6
"СФІНКС","Кам'яний загадувач загадок",6
"СФІНКС","Кам'яна статуя з тілом лева і головою людини",6
"СХИЗМА","Розкол церкви на католицьку й православну гілки",6
"СЬОГУН","Військовий правитель середньовічної Японії",6
"ТАВРІЯ","Історична назва степового Криму й Причорномор'я",6
"ТАЙФУН","Ураган Тихого океану",6
"ТАЛАНТ","Те, що не проп'єш, як запевняє прислів'я",6
"ТАНЕЦЬ","Ритмічні рухи під музику",6
"ТАРГАН","Найживучіший квартирант",6
"ТАРГАН","Живуча комаха-шкідник кухонь",6
"ТАТАМІ","Килим дзюдоїста",6
"ТАТАМІ","Мат для боротьби чи дзюдо",6
"ТАТАРИ","Кочовий народ, що здійснював набіги на Русь",6
"ТЕОРІЯ","Практика, що ще не відбулася",6
"ТЕОРІЯ","Наукове пояснення явищ",6
"ТЕТЧЕР","Британська прем'єрка на прізвисько залізна леді",6
"ТОПОЛЯ","Струнке дерево з поеми Шевченка",6
"ТРЕНЕР","Той, хто готує спортсменів",6
"ТРЕНЕР","Керівник підготовки команди",6
"ТРИБУН","Захисник прав простого народу в Римі",6
"ТРИЗУБ","Державний герб України",6
"ТРИТОН","Хвостате земноводне маленьких водойм",6
"ТРІУМФ","Перемога з парадом",6
"ТРІУМФ","Урочистий в'їзд переможного полководця в Рим",6
"ТРОФЕЙ","Здобич переможця",6
"ТРОФЕЙ","Почесна нагорода переможцю",6
"ТУНДРА","Безлісий регіон вічної мерзлоти",6
"ТУНЕЦЬ","Велика швидка морська риба",6
"ТУРНІК","Перекладина для підтягувань",6
"ТУРНІР","Змагання, де лицарі ламали списи",6
"ТУРНІР","Серія змагань за титул",6
"ТЮДОРИ","Англійська династія, до якої належала Єлизавета Перша",6
"ТЮЛЕНЬ","Ласт на пляжі — і символ лінощів",6
"ТЮЛЕНЬ","Ластоногий мешканець холодних морів",6
"УГАНДА","Країна витоків Нілу в Африці",6
"ФАРАОН","Роботодавець будівників пірамід",6
"ФАРАОН","Титул правителя Стародавнього Єгипту",6
"ФАСТІВ","Залізничний вузол на Київщині",6
"ФАШИЗМ","Ультраправа авторитарна ідеологія міжвоєнної Європи",6
"ФЕРМЕР","Господар, що обробляє землю й тримає худобу",6
"ФІАЛКА","Скромна лілова квіточка",6
"ФІЗИКА","Наука про природу й закони матерії",6
"ФЛЕШКА","Портативний носій цифрових даних",6
"ФОРЕЛЬ","Риба чистих гірських річок",6
"ФОРЕЛЬ","Прудка річкова риба холодних вод",6
"ФОСФОР","Елемент",6
"ФРАНКО","Каменяр з Нагуєвичів",6
"ФРАНКО","Письменник і вчений, каменяр за прізвиськом",6
"ФРАНКО","Іспанський диктатор середини двадцятого століття",6
"ФРЕСКА","Живопис по свіжій штукатурці",6
"ФРЕСКА","Настінний розпис, як у Софійському соборі",6
"ФРЕСКА","Настінний живопис по вологій штукатурці",6
"ФУТБОЛ","Гра, де м'яч заганяють у ворота ногами",6
"ХАРКІВ","Друге за населенням місто України",6
"ХЕРСОН","Портове місто в гирлі Дніпра",6
"ХРЕБЕТ","Довгий гірський масив",6
"ХУАНХЕ","Річка",6
"ЦЕРКВА","Релігійна споруда або організація віруючих",6
"ЦИБУЛЯ","Овоч, від якого плачуть очі при різанні",6
"ЦИТАТА","Чужі слова в лапках",6
"ЦУНАМІ","Хвиля, породжена землетрусом",6
"ЧАКЛУН","Той, хто знається на зіллі й замовляннях",6
"ЧАСНИК","Гострий на смак овоч-часточка проти застуди",6
"ЧЕТВЕР","День тижня перед п'ятницею",6
"ЧОТИРИ","Число після трьох",6
"ШАВЛІЯ","Лікарська трава для горла",6
"ШАРАДА","Загадка, розіграна по складах",6
"ШАФРАН","Прянність дорожча за золото",6
"ШАХІСТ","Гравець у логічну гру на дошці",6
"ШВЕЦІЯ","Скандинавська батьківщина ІКЕА",6
"ШЕРСТЬ","Волосяний покрив ссавця",6
"ШЕРХАН","Тигр-ворог Мауглі",6
"ШИРОТА","Координата, що визначає віддаленість від екватора",6
"ШЛУНОК","Орган, де перетравлюється їжа",6
"ШОСТКА","Місто на Сумщині, хімічна промисловість",6
"ШПАГАТ","Розтяжка ніг у пряму лінію",6
"ШПИГУН","Розвідник, але чужий",6
"ШПИНАТ","Листовий зелений овоч",6
"ЮВІЛЕЙ","День народження з круглою датою",6
"ЮПІТЕР","Найбільша планета Сонячної системи",6
"ЯБЛУНЯ","Дерево, на якому ростуть яблука",6
"ЯВОРІВ","Місто з відомим військовим полігоном",6
"ЯГОТИН","Місто на Київщині над однойменним ставом",6
"ЯМАЙКА","Острів регі та бігунів-рекордсменів",6
"ЯМПІЛЬ","Місто над Дністром на Вінниччині",6
"ЯНИЧАР","Християнський хлопчик, навернений в турецьке військо",6
"ЯПОНІЯ","Острівна держава, батьківщина самураїв",6
"ЯПОНІЯ","Країна вранішнього сонця",6
"ЯРЕМЧЕ","Гірський курорт у Карпатах",6
"ЯСТРУБ","Пернатий хижак і символ агресивної політики",6
"ЯСТРУБ","Хижий птах",6
"ЯЩІРКА","Дрібний плазун з чотирма лапками",6
"АБОРДАЖ","Морський бій борт до борту",7
"АВСТРІЯ","Імперія, що володіла Галичиною і Буковиною",7
"АВСТРІЯ","Батьківщина вальсу й Моцарта",7
"АВТОБУС","Громадський дорожній транспорт",7
"АЙСБЕРГ","Крижина, що втопила «Титанік»",7
"АКВЕДУК","Споруда для подачі води на великі відстані",7
"АКСІОМА","Твердження, що не потребує доведення",7
"АЛБАНІЯ","Гірська країна навпроти Італії через море",7
"АЛГЕБРА","Розділ математики про рівняння",7
"АЛФАВІТ","Впорядкований набір літер для запису мови",7
"АЛЬПАКА","Пухнастий родич лами",7
"АМЕРИКА","Континент, відкритий для Європи 1492 року",7
"АМЕРИКА","Континент за океаном від Європи",7
"АНДОРРА","Держава в Піренеях між Іспанією і Францією",7
"АНЕКСІЯ","Насильницьке приєднання чужої території",7
"АНТАНТА","Союз держав Першої світової війни проти Німеччини",7
"АНТРАКТ","Перерва між діями",7
"АРХІМЕД","Давньогрецький мислитель, що кричав еврика",7
"АСКОЛЬД","Один із перших відомих київських князів",7
"АССИРІЯ","Войовнича імперія стародавньої Месопотамії",7
"АТАКАМА","Найсухіша пустеля світу",7
"АУКЦІОН","Торги, де перемагає найщедріший",7
"АХІЛЛЕС","Грецький герой з єдиним вразливим місцем на тілі",7
"БАЛКАНИ","Гірський півострів на південному сході Європи",7
"БАНГКОК","Столиця храмів і каналів у Південно-Східній Азії",7
"БАНДУРА","Багатострунна душа українського епосу",7
"БАНДУРА","Багатострунний народний музичний інструмент",7
"БАНКРУТ","Той, чий бізнес пішов на дно",7
"БАРАБАН","Ударний музичний інструмент",7
"БАРИСТА","Художник по молочній пінці",7
"БАТАРЕЯ","Те, що сідає в найгірший момент",7
"БАТУРИН","Колишня гетьманська резиденція на Чернігівщині",7
"БАТУРИН","Столиця Гетьманщини, зруйнована Меншиковим",7
"БЕГЕМОТ","Річковий кінь, як казали греки",7
"БЕГЕМОТ","Товстошкіра тварина",7
"БЕЙСБОЛ","Американська гра з битою і базами",7
"БЕЛЬГІЯ","Країна шоколаду та вафель",7
"БЕРЕСТЯ","Матеріал, на якому писали в давньому Новгороді й Русі",7
"БЕРМУДИ","Архіпелаг",7
"БІАТЛОН","Лижна гонка зі стрільбою",7
"БІЛЬЯРД","Гра",7
"БІСМАРК","Канцлер, що об'єднав Німеччину залізом і кров'ю",7
"БОБСЛЕЙ","Швидкісний спуск у керованих санях",7
"БОГОМОЛ","Комаха-хижак",7
"БОЛІВАР","Визволитель Південної Америки від іспанського панування",7
"БОЛІВІЯ","Гірська країна без виходу до моря в Андах",7
"БОРОВИК","Цар грибів",7
"БОУЛІНГ","Збивання кеглів кулею по доріжці",7
"БРАНЕЦЬ","Людина, взята в полон",7
"БРАУЗЕР","Вікно в інтернет",7
"БРОВАРИ","Місто-супутник Києва на Лівобережжі",7
"БУРБОНИ","Королівська династія Франції та Іспанії",7
"БУРШТИН","Місто на Прикарпатті з великою тепловою станцією",7
"ВАВИЛОН","Місто з висячими садами, одне з чудес світу",7
"ВАКЦИНА","Препарат",7
"ВАНДАЛИ","Народ, чиє ім'я стало синонімом руйнування",7
"ВАРЕНИК","Українська страва з тіста з начинкою",7
"ВАРШАВА","Столиця над Віслою",7
"ВЕДМІДЬ","Великий кошлатий лісовий хижак",7
"ВЕДМІДЬ","Клишоногий господар лісу",7
"ВЕЗУВІЙ","Вулкан",7
"ВЕРБЛЮД","Корабель пустелі",7
"ВЕРБЛЮД","Тварина пустелі з горбом",7
"ВЕРДИКТ","Останнє слово присяжних",7
"ВЕРСАЛЬ","Мирний договір, що завершив Першу світову війну",7
"ВЕРШИНА","Мета альпініста",7
"ВЕРШНИК","Спортсмен верхи на коні",7
"ВЕСЕЛКА","Семикольоровий міст після дощу",7
"ВЕСІЛЛЯ","Посаг нареченої (обряд одруження)",7
"ВЕТЕРАН","Досвідчений учасник змагань",7
"ВИЇЗДКА","Кінний вид спорту на манежі",7
"ВИНАХІД","Нова технічна розробка",7
"ВІДЛИГА","Зимова пауза морозу",7
"ВІКІНГИ","Мореплавці-завойовники Скандинавії середньовіччя",7
"ВІЛЬНЮС","Столиця з бароковим старим містом",7
"ВІННИЦЯ","Місто на Бузі, славне фонтаном Рошен",7
"ВІТАМІН","Буквена добавка до здоров'я",7
"ВІТАМІН","Речовина",7
"ВІТРИЛО","Полотно, що ловить вітер",7
"ВІТРИНА","Скляна спокуса магазину",7
"ВОГНИЩЕ","Вогонь, довкола якого сідають",7
"ВОДЯНИК","Дух, що господарює в ставку",7
"ВОЛОССЯ","Покрив на голові людини",7
"ВОЛОШКА","Синя квітка в пшениці",7
"ВОРКАУТ","Тренування на вуличних турніках",7
"ВОРОХТА","Гірськолижний курорт у Карпатах",7
"ВОРСКЛА","Річка, на якій відбулася Полтавська битва поблизу",7
"ВОТЧИНА","Спадкове володіння землею в давній Русі",7
"ВУГЛЕЦЬ","Елемент",7
"ГАЛІЛЕЙ","Учений, змушений зректися вчення про рух Землі",7
"ГАНДБОЛ","Гра, де м'яч кидають руками у ворота",7
"ГАНТЕЛЬ","Невеликий снаряд для рук",7
"ГЕРОДОТ","Давньогрецький автор, якого звуть батьком історії",7
"ГЕРОЛЬД","Середньовічний диктор оголошень",7
"ГЕТЬМАН","Булава йому личила",7
"ГЕТЬМАН","Виборний очільник козацького війська",7
"ГІЛЬДІЯ","Об'єднання ремісників чи купців у середні віки",7
"ГІМАЛАЇ","Найвищі гори планети",7
"ГІМНАСТ","Спортсмен на кільцях і брусах",7
"ГІРЧИЦЯ","Прянність, що б'є в ніс",7
"ГЛАДІУС","Короткий меч римського легіонера",7
"ГОВЕРЛА","Найвища точка України",7
"ГОВЕРЛА","Найвища вершина України",7
"ГРАВЕЦЬ","Учасник спортивної гри",7
"ГРАВЮРА","Відбиток із різьбленої дошки",7
"ГРАМОТА","Офіційний писемний документ давніх часів",7
"ГРЕБЕЦЬ","Спортсмен",7
"ГРОМАДА","Об'єднання національно свідомої інтелігенції ХІХ століття",7
"ГРУДЕНЬ","Останній місяць року",7
"ГУЛІВЕР","Велетень у країні ліліпутів",7
"ДЕДЛАЙН","Лінія, за якою починається паніка",7
"ДЕЛЬФІН","Найрозумніший плавець океану",7
"ДЕЛЬФІН","Розумний морський ссавець",7
"ДЕРЖАВА","Політично організована спільнота з власною владою",7
"ДЕЦИБЕЛ","Одиниця вимірювання гучності звуку",7
"ДЖЕРЕЛО","Місце, де підземна вода виходить на поверхню",7
"ДЖУНГЛІ","Ліс, де закон — Мауглі знає чий",7
"ДЖУНГЛІ","Густий тропічний ліс",7
"ДИНАМІК","Голос техніки",7
"ДИНАМІТ","Вибухова речовина на основі нітрогліцерину",7
"ДНІСТЕР","Ріка, що починається в Карпатах і впадає в лиман",7
"ДОГОВІР","Письмова угода між державами чи правителями",7
"ДОНЕЦЬК","Промислове місто Донбасу",7
"ДОРІЖКА","Смуга для бігу чи плавання",7
"ДРІЖДЖІ","Те, на чому росте тісто",7
"ДРІМОТА","Сон, що підкрадається після обіду",7
"ДРУЖИНА","Військовий загін при князеві",7
"ЕВЕРЕСТ","Дах світу",7
"ЕВЕРЕСТ","Найвища вершина світу",7
"ЕКВАДОР","Країна",7
"ЕКВАТОР","Пояс планети",7
"ЕЛЕМЕНТ","Речовина",7
"ЕНЕРГІЯ","Здатність тіла виконувати роботу",7
"ЕСПРЕСО","Кава під тиском",7
"ЕСТОНІЯ","Найпівнічніша з балтійських країн",7
"ЕТРУСКИ","Давній народ, що передав звичаї майбутньому Риму",7
"ЕФІОПІЯ","Країна",7
"ЖЕРДИНА","Палиця, що підкидає в небо",7
"ЖИТОМИР","Місто на Тетереві, космічна колиска Корольова",7
"ЖОВТЕНЬ","Місяць, коли жовтіє листя",7
"ЖОНГЛЕР","Той, у кого все валиться з рук — і не падає",7
"ЖОРЖИНА","Пишна осіння квітка шкільних букетів",7
"ЗАБРАЛО","Частина шолома, яку піднімають для чесності",7
"ЗАМБЕЗІ","Річка з водоспадом Вікторія",7
"ЗАПОВІТ","Вірш Шевченка, що став народною клятвою",7
"ЗАРЯДКА","Ранкова гімнастика або порятунок телефона",7
"ЗАСМАГА","Колір вдалої відпустки",7
"ЗАСТАВА","Майно під чесне слово банку",7
"ЗАСТУДА","Кара за мокрі ноги",7
"ЗБІРНИК","Книга з добіркою творів різних авторів",7
"ЗІНЬКІВ","Старовинне місто на Полтавщині",7
"ЗОЛУШКА","Дівчина, що загубила черевичок (рос. варіант імені)",7
"ІГРАШКА","Предмет для дитячих розваг",7
"ІЗРАЇЛЬ","Країна на березі Мертвого моря",7
"ІЗЯСЛАВ","Один із синів Ярослава Мудрого на престолі",7
"ІКЕБАНА","Японське мистецтво букета",7
"ІЛАРІОН","Перший митрополит-русин, автор Слова про закон",7
"ІМПЕРІЯ","Держава, що завжди завелика для сусідів",7
"ІМПЕРІЯ","Велика держава з підкореними народами",7
"ІМПЕРІЯ","Велика держава з підкореними народами",7
"ІНЕРЦІЯ","Властивість тіла зберігати стан руху",7
"ІНЖЕНЕР","Фахівець технічного профілю",7
"ІПОДРОМ","Споруда для кінних перегонів",7
"ІПОТЕКА","Квартира на виплат до пенсії",7
"ІСПАНІЯ","Держава, чиї конкістадори завоювали Америку",7
"ІСПАНІЯ","Країна фламенко і кориди",7
"КАЛОРІЯ","Одиниця смачного",7
"КАЛОРІЯ","Одиниця вимірювання енергії їжі",7
"КАЛЬВІН","Реформатор церкви, засновник окремої протестантської течії",7
"КАЛЬМАР","Головоногий молюск",7
"КАЛЬЦІЙ","Елемент",7
"КАМБАЛА","Плоска морська риба",7
"КАНЬЙОН","Великий — той, що в Аризоні",7
"КАПІТАН","Лідер команди на полі",7
"КАРАВАН","Верблюжа валка",7
"КАРАВАН","Група мандрівників чи купців, що йде разом",7
"КАРАКАС","Столиця нафтової країни",7
"КАРПАТИ","Гірський масив на заході України",7
"КАРПАТИ","Гірська система на заході України",7
"КВІТЕНЬ","Місяць, коли розквітають перші квіти",7
"КЕЛЬВІН","Одиниця вимірювання абсолютної температури",7
"КЕНГУРУ","Стрибун із кишенею",7
"КЕНГУРУ","Австралійський стрибун із сумкою",7
"КЕННЕДІ","Американський президент, убитий у Далласі 1963 року",7
"КЕРЛІНГ","По льоду штовхають гранітну биту мітлами",7
"КИШИНІВ","Столиця",7
"КІМНАТА","Окреме приміщення всередині житла",7
"КЛІТИНА","Найменша структурна одиниця живого",7
"КНЯГИНЯ","Дружина або правителька-жінка князівства",7
"КОВБАСА","М'ясний продукт у вигляді ковбаски",7
"КОВЗАНИ","Взуття з лезом для катання по льоду",7
"КОЗЯТИН","Великий залізничний вузол на Вінниччині",7
"КОЛІБРІ","Пташка вагою з монету",7
"КОЛІЗЕЙ","Римський амфітеатр для гладіаторських боїв",7
"КОЛОМИЯ","Місто на Прикарпатті над Прутом",7
"КОЛОНІЯ","Заморська територія під владою метрополії",7
"КОМАНДА","Гравці однієї сторони на полі",7
"КОНВЕРТ","Паперова обгортка для листа",7
"КОНОТОП","Місто на Сумщині, місце битви 1659 року",7
"КОНОТОП","Місце перемоги Виговського над московським військом",7
"КОРИДОР","Прохід між кімнатами в будівлі",7
"КОРОВАЙ","Головний хліб весілля",7
"КОРСИКА","Гористий французький острів у Середземному морі",7
"КОРСУНЬ","Місто на Черкащині, місце битви 1648 року",7
"КОСАТКА","Хижий дельфін",7
"КРИСТАЛ","Тверде тіло з упорядкованою структурою",7
"КРОПИВА","Трава, що кусається",7
"КРОСФІТ","Інтенсивне функціональне тренування",7
"КРУАСАН","Французький рогалик",7
"КУРІПКА","Дрібний польовий птах",7
"ЛАВАНДА","Фіолетові поля Провансу",7
"ЛАТАТТЯ","Біла квітка на воді",7
"ЛЕГЕНДА","Переказ про минулі події з домішком вигадки",7
"ЛЕОПАРД","Плямистий спринтер",7
"ЛЕОПАРД","Плямиста велика дика кішка",7
"ЛИНЯННЯ","Скидання старої шкіри чи пір'я",7
"ЛИСИЧКА","Рудий гриб або руда звірина",7
"ЛІМПОПО","Річка на південному сході Африки",7
"ЛІСАБОН","Столиця на семи пагорбах над Атлантикою",7
"ЛІСОВИК","Господар хащі з українських повір'їв",7
"ЛІТОПИС","Історичний твір із записами подій за роками",7
"ЛІТОПИС","Історичний запис подій за роками",7
"ЛОБСТЕР","Великий морський рак з великими клешнями",7
"ЛОГОТИП","Обличчя фірми в один знак",7
"ЛЮДОВІК","Ім'я вісімнадцяти французьких королів",7
"МАГАЗИН","Заклад для продажу товарів",7
"МАЙСТЕР","Високий рівень кваліфікації",7
"МАРАФОН","Забіг завдовжки в легенду",7
"МАРАФОН","Біг на честь воїна, що приніс звістку про перемогу",7
"МАРАФОН","Забіг на 42 кілометри 195 метрів",7
"МАРОККО","Північноафриканська країна з Атласькими горами",7
"МАРШРУТ","План мандрівки",7
"МЕКСИКА","Держава, де колись правили ацтеки",7
"МЕКСИКА","Країна текіли й ацтекських пірамід",7
"МЕЛОДІЯ","Послідовність музичних звуків",7
"МЕТЕЛИК","Комаха з красивими крилами",7
"МЕТЕЛИК","Комаха з барвистими крилами",7
"МИТНИЦЯ","Кордонна перевірка валіз",7
"МІГРЕНЬ","Головний біль з характером",7
"МІНОЙЦІ","Давня цивілізація острова Крит",7
"МІССУРІ","Найдовша притока Міссісіпі",7
"МЛИНЕЦЬ","Той, що перший — грудкою",7
"МОЗАЇКА","Картина з камінців",7
"МОЗАЇКА","Зображення, викладене з кольорових шматочків",7
"МОЗАЇКА","Зображення з кольорових шматочків каменю чи скла",7
"МОЛДОВА","Сусідня країна з виноробством",7
"МОЛОТОК","Інструмент для забивання цвяхів",7
"МОЛОЧНА","Річка Запорізької області, що впадає в лиман",7
"МОНБЛАН","Найвища вершина Альп",7
"МОНГОЛИ","Кочові завойовники, що зруйнували Київ 1240 року",7
"МОНІТОР","Екран для виведення зображення з машини",7
"МУХОМОР","Красень-гриб, якого не їдять",7
"НАЖИВКА","Обід, що приховує гачок",7
"НАЙРОБІ","Столиця",7
"НАМІБІЯ","Країна пустелі вздовж Атлантики",7
"НЕБЕСНА","Означення сотні, що загинула на Майдані 2014 року",7
"НЕЙТРОН","Незаряджена частинка атомного ядра",7
"НЕЛЬСОН","Британський адмірал, що переміг при Трафальгарі",7
"НІАГАРА","Знаменитий водоспад на кордоні США й Канади",7
"НІГЕРІЯ","Найбільш густонаселена країна Африки",7
"НОВАЧОК","Учасник",7
"НОКДАУН","Падіння боксера від удару",7
"НОСОРІГ","Танк савани",7
"НОСОРІГ","Товстошкірий звір із рогом на морді",7
"ОБЕЛІСК","Високий кам'яний чотиригранний стовп",7
"ОБЛАСТЬ","Основна адміністративна одиниця України",7
"ОБОРОНА","Захист країни від збройного нападу",7
"ОДІССЕЙ","Хитромудрий герой, що десять років повертався додому",7
"ОДОМЕТР","Прилад для підрахунку пройденої відстані",7
"ОЖЕЛЕДЬ","Каток там, де його не просили",7
"ОКРАЄЦЬ","Перший і останній шматок хлібини",7
"ОЛІВЕЦЬ","Дерев'яний писальний прилад із графітом",7
"ОЛЬМЕКИ","Найдавніша цивілізація Мезоамерики",7
"ОПЕНЬОК","Гриб, що росте на пеньку компанією",7
"ОРИГАМІ","Журавлик із паперу",7
"ОРІНОКО","Одна з найбільших річок Південної Америки",7
"ОРКЕСТР","Колектив, що грає за помахом палички",7
"ОХТИРКА","Місто на Сумщині над Ворсклою",7
"ПАЛІТРА","Дощечка, де змішуються кольори",7
"ПАМЯТКА","Об'єкт культурної чи історичної цінності",7
"ПАНТЕРА","Чорна кішка завбільшки з людину",7
"ПАНТЕРА","Чорна велика дика кішка",7
"ПАНЩИНА","Примусова праця селян на пана",7
"ПАПІРУС","Попередник паперу з берегів Нілу",7
"ПАПІРУС","Матеріал для письма з єгипетської рослини",7
"ПАРАШУТ","Запасний план стрибуна",7
"ПАРАШУТ","Пристрій для сповільнення падіння з висоти",7
"ПАРОВОЗ","Локомотив",7
"ПАСКАЛЬ","Одиниця вимірювання тиску",7
"ПАСПОРТ","Книжечка, що доводить, що ти — це ти",7
"ПАТРІОТ","Людина, віддана своїй батьківщині",7
"ПЕЛІКАН","Птах із великим мішком під дзьобом",7
"ПЕНЗЕЛЬ","Інструмент художника для фарби",7
"ПЕРЕВАЛ","Прохід між вершинами",7
"ПЕРЕРВА","Короткий відпочинок між уроками",7
"ПЕРЛИНА","Коштовність, вирощена молюском",7
"ПЕТЛЮРА","Голова Директорії УНР",7
"ПЕЧАТКА","Знак, яким скріплювали офіційні документи",7
"ПЕЧІНКА","Орган, що очищує кров від токсинів",7
"ПИЛОСОС","Пристрій",7
"ПИСАНКА","Великоднє яйце з візерунком, не крашанка",7
"ПИТАННЯ","Те, на що очікують відповіді",7
"ПІВДЕНЬ","Сторона світу, протилежна півночі",7
"ПІВОНІЯ","Пишна квітка, що цвіте у червні",7
"ПІДЛОГА","Нижня поверхня всередині кімнати",7
"ПІКСЕЛЬ","Атом зображення",7
"ПІЛАТЕС","Система вправ на зміцнення кора тіла",7
"ПІЛОТАЖ","Найвищий — це фігури в небі",7
"ПІНГВІН","Птах у фраку, що забув, як літати",7
"ПІНГВІН","Нелітаючий птах льодовиків",7
"ПІПЕТКА","Лабораторний інструмент для набору краплин",7
"ПІРАНЬЯ","Риба, якої бояться навіть крокодили",7
"ПІРІНЕЇ","Гори між Іспанією і Францією",7
"ПІТСТОП","Зупинка боліда для ремонту й заміни шин",7
"ПЛАВЕЦЬ","Учасник змагань у воді",7
"ПЛАВНИК","Орган руху риби у воді",7
"ПЛАТИНА","Дорогоцінний білий метал",7
"ПОГАНКА","Найотруйніший гриб — і бліда, і небезпечна",7
"ПОДАТОК","Неминучість номер два після смерті",7
"ПОДІЛЛЯ","Регіон між Дністром і Бугом",7
"ПОДОРОЖ","Тривала поїздка в інші місця",7
"ПОДУШКА","Найкращий друг щоки",7
"ПОЛІССЯ","Лісистий і болотистий регіон півночі України",7
"ПОЛІЦІЯ","Орган охорони громадського порядку",7
"ПОЛОВЦІ","Кочовий народ-суперник Русі у степах",7
"ПОЛТАВА","Місто битви 1709 року",7
"ПОЛТАВА","Місто, під яким шведський король Карл зазнав поразки 1709 року",7
"ПОЛЮДДЯ","Об'їзд князем підвладних земель для збору данини",7
"ПОМІДОР","Червоний соковитий овоч для салату",7
"ПОРАЗКА","Невдалий результат змагання",7
"ПОРТРЕТ","Картина, що дивиться у відповідь",7
"ПОЧАТОК","Момент, з якого щось стартує",7
"ПРЕСТОЛ","Трон, місце правителя",7
"ПРИЛУКИ","Місто на Чернігівщині над Удаєм",7
"ПРИНТЕР","Машина, що завжди без тонера",7
"ПРИНТЕР","Пристрій",7
"ПРИСЯГА","Обіцянка казати правду",7
"ПРИТОКА","Річка, що впадає в іншу, більшу річку",7
"ПРОГНОЗ","Передбачення результату матчу",7
"ПРОМІНЬ","Вузький потік світла",7
"ПРОТОКА","Вузька смуга води між двома ділянками суходолу",7
"ПРУССІЯ","Німецька держава, що об'єднала Німеччину під своєю короною",7
"ПРЯНОЩІ","Товар, заради якого європейці шукали морський шлях до Індії",7
"РАКЕТКА","Знаряддя для гри в теніс",7
"РАФТИНГ","Сплав на надувному човні бурхливою рікою",7
"РЕАКТОР","Установка для керованої ядерної реакції",7
"РЕАКЦІЯ","Перетворення одних речовин на інші",7
"РЕЖИСЕР","Той, хто ставить вистави чи фільми",7
"РЕЙТИНГ","Список суперників за силою",7
"РЕКЛАМА","Двигун торгівлі",7
"РЕНТГЕН","Погляд крізь тіло",7
"РЕТОРТА","Посудина з відведеною трубкою для перегонки",7
"РІВНИНА","Велика ділянка землі без значних перепадів висоти",7
"РОЗКЛАД","Таблиця, з якою сперечаються потяги",7
"РОМАШКА","Квітка-ворожка на кохання",7
"РУБІКОН","Річка, яку Цезар перейшов, розпочавши громадянську війну",7
"РУКОПИС","Той, що, за класиком, не горить",7
"РУЛЕТКА","Колесо, що обертає статки",7
"РУМУНІЯ","Батьківщина легенди про Дракулу",7
"РУСАЛКА","Дівчина з хвостом замість ніг",7
"САЛАДІН","Мусульманський полководець, що відвоював Єрусалим",7
"САМУРАЙ","Воїн із кодексом бусідо",7
"САМУРАЙ","Японський військовий дворянин, воїн-аристократ",7
"САРМАТИ","Кочовий народ, що змінив скіфів у степах",7
"СВАЛЯВА","Містечко на Закарпатті, відоме мінеральними водами",7
"СВИНЕЦЬ","Важкий метал",7
"СВИСТОК","Пристрій судді для сигналу",7
"СВІТЛЯК","Жук із власним ліхтариком",7
"СВІТЯЗЬ","Найглибше природне озеро України, на Волині",7
"СВОБОДА","Стан незалежності від чужої влади",7
"СЕЙШЕЛИ","Архіпелаг біля східного узбережжя Африки",7
"СЕКУНДА","Найменша одиниця часу з трьох основних",7
"СЕКУНДА","Одиниця вимірювання часу",7
"СЕНЕГАЛ","Найзахідніша країна Африканського рогу",7
"СЕНЬЙОР","Феодальний володар, що мав васалів",7
"СЕРПЕНЬ","Останній місяць літа",7
"СЕРФІНГ","Катання на дошці по хвилях",7
"СІЦІЛІЯ","Найбільший острів Середземного моря",7
"СІЧОВИК","Вояк стрілецького легіону початку минулого століття",7
"СКІПЕТР","Палиця, що робить людину величністю",7
"СКІПЕТР","Жезл монарха як символ влади",7
"СКЛЯНКА","Посудина для напоїв",7
"СКРИПКА","Невеликий струнний інструмент зі смичком",7
"СЛІДЧИЙ","Той, хто розплутує справи",7
"СЛОБОДА","Поселення вільних переселенців на пільгових умовах",7
"СЛОБОДА","Поселення вільних переселенців з особливими пільгами",7
"СМАЛЕЦЬ","Топлений свинячий жир",7
"СМЕРЕКА","Карпатська ялина з пісень",7
"СМЕТАНА","Густий молочний продукт для борщу",7
"СОЛОВЕЙ","Найголосистіший співак садів",7
"СОЛОВЕЙ","Птах",7
"СОНЕЧКО","Жук у горошок",7
"СОПРАНО","Найвищий жіночий голос",7
"СОРОЧКА","Верхній одяг з рукавами й ґудзиками",7
"СОЮЗНИК","Друг у скрутну годину війни",7
"СПАЛЬНЯ","Кімната для сну",7
"СПАРИНГ","Тренувальний бій перед змаганням",7
"СПАРТАК","Раб-гладіатор, що очолив повстання проти Риму",7
"СПЛЯЧКА","Стан спокою тварин узимку",7
"СПОЛУКА","Речовина з кількох елементів",7
"ССАВЕЦЬ","Тварина",7
"СТАДІОН","Спортивна споруда для змагань",7
"СТАДІОН","Споруда для змагань і глядачів",7
"СТАРТАП","Бізнес із гаража з великими планами",7
"СТОЛИЦЯ","Головне місто держави",7
"СТОЛИЦЯ","Головне місто держави",7
"СТОЛИЦЯ","Головне місто держави",7
"СТРИБУН","Учасник змагань у висоту, довжину чи з жердиною",7
"СТУДЕНТ","Той, хто навчається у вищому закладі",7
"СУБОТІВ","Село на Черкащині, родове гніздо Богдана Хмельницького",7
"СУТІНКИ","Час між днем і ніччю",7
"ТАБЛИЦЯ","Список команд за результатами",7
"ТАЇЛАНД","Країна храмів і слонів у Південно-Східній Азії",7
"ТАЛЛІНН","Столиця з добре збереженим середньовіччям",7
"ТАРІЛКА","Посуд для їжі",7
"ТБІЛІСІ","Столиця над річкою Кура",7
"ТЕГЕРАН","Столиця під горою Демавенд",7
"ТЕЛЕФОН","Пристрій для дзвінків та повідомлень",7
"ТЕЛЕФОН","Пристрій для передачі голосу на відстань",7
"ТЕТЕРІВ","Річка, на якій стоїть Житомир",7
"ТИЖДЕНЬ","Проміжок часу з семи днів",7
"ТРАВЕНЬ","П'ятий місяць року",7
"ТРАМВАЙ","Рейковий міський транспорт з дротом нагорі",7
"ТРАНШЕЯ","Захисний рів на полі бою Першої світової",7
"ТРИБУНА","Місця для вболівальників на стадіоні",7
"ТРИДЕНТ","Латинська назва українського герба",7
"ТРІПОЛІ","Столиця на узбережжі Північної Африки",7
"ТРОПІКИ","Зона вічного літа",7
"ТРОЯНДА","Колюча квітка з приємним запахом",7
"ТРУТЕНЬ","Бджола, що не працює",7
"ТУРБІНА","Пристрій",7
"ТЮЛЬПАН","Квітка, через яку голландці божеволіли",7
"УЖГОРОД","Найзахідніший обласний центр, на річці Уж",7
"УРУГВАЙ","Мала країна між Бразилією й Аргентиною",7
"УСТРИЦЯ","Молюск у мушлі",7
"УЧИТЕЛЬ","Фахівець, що навчає учнів",7
"УЩЕЛИНА","Вузький розріз між скелями",7
"УЩЕЛИНА","Вузький і глибокий прохід між скелями",7
"ФАВОРИТ","Того",7
"ФЕРМЕНТ","Білок",7
"ФІНІКІЯ","Давній народ мореплавців, що дав світові алфавіт",7
"ФЛОРБОЛ","Різновид хокею в залі з легким м'ячем",7
"ФОРМУЛА","Умовний запис наукової залежності",7
"ФОРТЕЦЯ","Споруда, що тримає облогу",7
"ФОРТЕЦЯ","Укріплена споруда для оборони",7
"ФРАНЦІЯ","Держава, де відбулася революція 1789 року",7
"ФРАНЦІЯ","Країна Ейфелевої вежі та багетів",7
"ХАЛІФАТ","Ісламська держава під владою наступника пророка",7
"ХВИЛИНА","Проміжок часу з 60 секунд",7
"ХОКЕЇСТ","Гравець із ключкою на льоду",7
"ХОРТИЦЯ","Найбільший острів на Дніпрі, козацька твердиня",7
"ХОРТИЦЯ","Острів, де постала перша Запорізька Січ",7
"ХОРУГВА","Козацький військовий прапор",7
"ХРОНІКА","Послідовний запис історичних подій",7
"ЦВІРКУН","Нічний скрипаль за пічкою",7
"ЦВІРКУН","Комаха",7
"ЦЕНЗУРА","Ножиці для чужих слів",7
"ЦЕНЗУРА","Контроль влади над друкованим словом",7
"ЦЕПЕЛІН","Дирижабль, використаний у Першій світовій війні",7
"ЦИЦЕРОН","Римський оратор і державний діяч",7
"ЦУКЕРКА","Солодкий виріб у обгортці",7
"ЧАСТОТА","Кількість повторень за одиницю часу",7
"ЧЕМПІОН","Той, хто на найвищій сходинці",7
"ЧЕМПІОН","Переможець найвищого рівня",7
"ЧЕРВЕНЬ","Перший місяць літа",7
"ЧЕРЕВИК","Взуття, вище за кросівок",7
"ЧЕРКАСИ","Обласний центр над Кременчуцьким водосховищем",7
"ЧИГИРИН","Колишня гетьманська столиця на Черкащині",7
"ЧИГИРИН","Столиця Гетьманщини за часів Хмельницького",7
"ЧОРТКІВ","Місто на Тернопільщині над Серетом",7
"ШЕРШЕНЬ","Оса важкої категорії",7
"ШКВАРКА","Хрустка нагорода з пательні",7
"ШОКОЛАД","Валюта ацтеків, радість сучасників",7
"ШТУРВАЛ","Кермо капітана",7
"ШТУРМАН","Той, хто знає, куди летимо",7
"ЯРОСЛАВ","Князь на прізвисько Мудрий, будівничий Софії",7
"АЕРОБІКА","Ритмічні вправи під музику",8
"АКВАРЕЛЬ","Фарба, що любить воду",8
"АКРОПОЛЬ","Священний пагорб у центрі давніх Афін",8
"АЛІГАТОР","Американський родич крокодила",8
"АЛЮМІНІЙ","Легкий сріблястий метал літаків і фольги",8
"АМАЗОНІЯ","Величезний тропічний ліс Південної Америки",8
"АМАЗОНКА","Войовниця або найповноводніша ріка",8
"АМАЗОНКА","Легендарна войовниця з міфічного жіночого племені",8
"АМАЗОНКА","Найповноводніша річка світу",8
"АНАРХІЗМ","Ідеологія заперечення будь-якої державної влади",8
"АНАТОМІЯ","Наука про будову тіла",8
"АНДРУСІВ","Місце перемир'я, що розділило Україну по Дніпру",8
"АНТИЛОПА","Стрімка красуня савани",8
"АППАЛАЧІ","Давні гори на сході Північної Америки",8
"АРХЕОЛОГ","Науковець, що досліджує минуле через розкопки",8
"БАЙДАРКА","Вузький човен весляра-спортсмена",8
"БАЙДАРКА","Легкий човен",8
"БАРВІНОК","Вічнозелений символ вірності",8
"БАРОМЕТР","Прилад для вимірювання атмосферного тиску",8
"БАСТИЛІЯ","Паризька фортеця-в'язниця, штурм якої почав революцію",8
"БАТИСКАФ","Апарат для занурення на великі глибини",8
"БЕЗСОННЯ","Нічний рахунок овець без результату",8
"БЕРДИЧІВ","Місто на Житомирщині, батьківщина Бальзакового весілля",8
"БЕРЕГОВЕ","Угорськомовне місто Закарпаття",8
"БІЛОРУСЬ","Північний сусід України",8
"БІОЛОГІЯ","Наука про живі організми",8
"БЛІЦКРИГ","Тактика блискавичної війни німецької армії",8
"БОЛГАРІЯ","Країна трояндової олії на Балканах",8
"БОРОДІНО","Місце найкривавішої битви походу Наполеона на схід",8
"БОРОТЬБА","Двобій без ударів, на килимі",8
"БОТАНІКА","Наука про рослини",8
"БОТСВАНА","Країна пустелі Калахарі",8
"БРАЗИЛІЯ","Найбільша колишня португальська колонія Америки",8
"БРАЗИЛІЯ","Найбільша країна Південної Америки",8
"БРИТАНІЯ","Римська провінція на території сучасної Англії",8
"БРЮССЕЛЬ","Столиця",8
"БУДАПЕШТ","Столиця",8
"БУКМЕКЕР","Той, хто приймає ставки на матчі",8
"БУКОВЕЛЬ","Найбільший гірськолижний курорт Карпат",8
"БУКОВИНА","Історичний край з центром у Чернівцях",8
"БУРУЛЬКА","Крижаний кинджал із даху",8
"БУХАРЕСТ","Столиця",8
"ВАКАНСІЯ","Порожнє крісло з зарплатою",8
"ВЕЛОТРЕК","Трек для перегонів на двох колесах",8
"ВЕРЕСЕНЬ","Перший місяць осені й навчального року",8
"ВЕСТАЛКА","Жриця, що охороняла священний вогонь у Римі",8
"ВИНОГРАД","Ягоди грона, з яких роблять вино",8
"ВИСОЧИНА","Піднесена рівнинна місцевість",8
"ВИШГОРОД","Стародавнє місто на Дніпрі під Києвом",8
"ВІВТОРОК","Другий день робочого тижня",8
"ВІДБИТТЯ","Повернення хвилі від перешкоди",8
"ВІЗАНТІЯ","Імперія, звідки Русь прийняла християнство",8
"ВІЗАНТІЯ","Східна спадкоємиця Римської імперії",8
"ВІКТОРІЯ","Британська королева найдовшого правління дев'ятнадцятого століття",8
"ВІКТОРІЯ","Водоспад на річці Замбезі",8
"ВКИДАННЯ","Введення м'яча з-за бокової лінії",8
"ВОДОСПАД","Місце, де річка падає з висоти",8
"ВОЛЕЙБОЛ","Гра через сітку, торкатись м'яча двічі поспіль не можна",8
"ВУГЛЕВОД","Речовина",8
"ГАЛИЧИНА","Історичний край із центром у Львові",8
"ГАЛЯВИНА","Відкрита ділянка серед лісу",8
"ГАННІБАЛ","Полководець, що перейшов Альпи на слонах",8
"ГЕНЕТИКА","Наука про спадковість організмів",8
"ГЕОЛОГІЯ","Наука про будову й історію Землі",8
"ГІДНІСТЬ","Цінність, за яку боролися на Майдані 2014 року",8
"ГІПОТЕЗА","Наукове припущення",8
"ГОДИННИК","Прилад, що показує час",8
"ГОЙДАЛКА","Дитячий майданчиковий прилад для розваги",8
"ГОЛКІПЕР","Гравець",8
"ГОЛУБЕЦЬ","Капустяний конверт із начинкою",8
"ГОРБАЧОВ","Останній керівник Радянського Союзу",8
"ГОРИЗОНТ","Лінія, до якої не дійти",8
"ГОРОБЕЦЬ","Маленький сірий птах міських дворів",8
"ГОРОБИНА","Дерево з червоними гронами до морозів",8
"ГОРОДИЩЕ","Залишки укріпленого поселення давніх часів",8
"ГОРОСКОП","Прогноз по зірках",8
"ГРАМОФОН","Ранній пристрій для відтворення звуку з платівки",8
"ГУМАНІЗМ","Течія Відродження з увагою до людини",8
"ДЕБЮТАНТ","Новачок турніру",8
"ДЖАКАРТА","Столиця",8
"ДЗЕРКАЛО","Предмет, у якому бачиш своє відображення",8
"ДИВІЗІОН","Підрозділ ліги за рівнем сили",8
"ДИЗАЙНЕР","Фахівець з розробки зовнішнього вигляду речей",8
"ДИКОБРАЗ","Гризун",8
"ДИКТАТОР","Особа з тимчасовою необмеженою владою в Римі",8
"ДИНАСТІЯ","Ряд правителів з одного роду",8
"ДИНАСТІЯ","Ряд правителів з одного роду",8
"ДИПЛОМАТ","Фахівець із міждержавних відносин",8
"ДИРЕКТОР","Керівник підприємства чи закладу",8
"ДИРИГЕНТ","Той, хто керує оркестром помахом палички",8
"ДИСИДЕНТ","Той, хто відкрито не погоджувався з режимом",8
"ДІАСПОРА","Спільнота вихідців з країни, що живе за кордоном",8
"ДОЗИМЕТР","Прилад для вимірювання рівня радіації",8
"ДОКУМЕНТ","Офіційний папір, що засвідчує факти",8
"ДОНКІХОТ","Лицар, що воював із млинами",8
"ДРИБЛІНГ","Ведення м'яча гравцем",8
"ДРОГОБИЧ","Нафтове місто на Львівщині",8
"ЕВОЛЮЦІЯ","Поступова зміна видів упродовж поколінь",8
"ЕЙНШТЕЙН","Фізик, автор теорії відносності",8
"ЕКОЛОГІЯ","Наука про взаємодію організмів із середовищем",8
"ЕКСПОНАТ","Той, кого в музеї не можна чіпати",8
"ЕКСПОНАТ","Предмет, виставлений у музеї для огляду",8
"ЕЛЕКТРИК","Фахівець з електропроводки",8
"ЕЛЕКТРОД","Провідник",8
"ЕЛЕКТРОН","Негативно заряджена частинка атома",8
"ЕНДШПІЛЬ","Фінальна стадія шахової партії",8
"ЕНДШПІЛЬ","Завершальна стадія партії на дошці",8
"ЕПІЦЕНТР","Точка над осередком лиха",8
"ЕСТАФЕТА","Біг із паличкою по колу",8
"ЕСТАФЕТА","Забіг, де кожен пробігає свій етап",8
"ЄРУСАЛИМ","Святе місто трьох релігій, ціль хрестових походів",8
"ЄРУСАЛИМ","Місто",8
"ЖУРАВЕЛЬ","Птах у небі, якого міняють на синицю",8
"ЖУРАВЕЛЬ","Птах",8
"ЗАБОРОНА","Указ, що обмежував друк українською мовою",8
"ЗАКАЗНИК","Територія з обмеженим режимом охорони природи",8
"ЗАЛІЩИКИ","Курортне містечко над Дністром на Тернопільщині",8
"ЗАМЕТІЛЬ","Сніг у режимі урагану",8
"ЗАРПЛАТА","Те, чого завжди трохи бракує",8
"ЗАСЛАННЯ","Примусове віддалене поселення як покарання",8
"ЗАХИСНИК","Гравець оборонної лінії",8
"ЗВІРОБІЙ","Трава, що нібито била звірів",8
"ЗООЛОГІЯ","Наука про тварин",8
"ІЄРОГЛІФ","Літера-малюнок",8
"ІЄРОГЛІФ","Знак давньоєгипетського чи китайського письма",8
"ІМУНІТЕТ","Особиста армія організму",8
"ІНВЕСТОР","Той, хто дає гроші під ідею",8
"ІНГУЛЕЦЬ","Притока Дніпра, що тече через Кривий Ріг",8
"ІРЛАНДІЯ","Острів конюшини й ельфів на північному заході Європи",8
"ІСЛАНДІЯ","Острівна країна гейзерів і вулканів",8
"ЙОРДАНІЯ","Країна з давньою Петрою",8
"КАЛАХАРІ","Пустеля на півдні Африки",8
"КАЛЬМІУС","Річка Донбасу, що впадає в Азовське море",8
"КАМЯНЕЦЬ","Місто на Поділлі зі скельною фортецею над каньйоном",8
"КАНБЕРРА","Спланована столиця між Сіднеєм і Мельбурном",8
"КАРАВЕЛА","Тип корабля доби великих географічних відкриттів",8
"КАРАМЕЛЬ","Цукор, що пройшов крізь вогонь",8
"КАРНАВАЛ","Свято масок і серпантину",8
"КАРТОПЛЯ","Головний бульбоплід на столі українців",8
"КАРФАГЕН","Суперник Риму в Пунічних війнах",8
"КАСКАДЕР","Той, хто падає замість зірки",8
"КІЛОГРАМ","Одиниця вимірювання маси",8
"КЛИНОПИС","Найдавніша писемність Месопотамії",8
"КОВЗАНЯР","Спортсмен на лезах по льоду",8
"КОЛУМБІЯ","Країна",8
"КОМУНІЗМ","Ідеологія безкласового суспільства без приватної власності",8
"КОНВАЛІЯ","Запашні білі дзвіночки травня",8
"КОНТРАКТ","Угода клубу з гравцем",8
"КОПЕРНИК","Астроном, що довів обертання Землі навколо Сонця",8
"КОРАБЕЛЬ","Великий водний транспорт",8
"КОРОЛЕВА","Дружина монарха або самостійна правителька",8
"КРАВАТКА","Вузька смужка тканини на шиї до костюма",8
"КРАКАТАУ","Вулкан",8
"КРЕВЕТКА","Дрібна морська істота з панциром",8
"КРОКОДИЛ","Великий водний хижий плазун",8
"КРОСВОРД","Сітка, в яку ловляться слова",8
"КРОСІВКИ","Спортивне взуття для бігу",8
"КУЧУГУРА","Сніговий бархан",8
"ЛАМПОЧКА","Скляна колба",8
"ЛАНДШАФТ","Загальний вигляд місцевості",8
"ЛАСТІВКА","Птах",8
"ЛАТОРИЦЯ","Річка Закарпаття, притока Тиси",8
"ЛЕОНАРДО","Художник і винахідник, автор Мони Лізи",8
"ЛИСТОПАД","Місяць, коли падає листя",8
"ЛІНИВЕЦЬ","Найповільніший ссавець на дереві",8
"ЛІНКОЛЬН","Президент, за якого скасували рабство в США",8
"ЛІСОСТЕП","Природна зона між лісом і степом",8
"ЛУГАНСЬК","Обласний центр далекого сходу, нині поза контролем Києва",8
"ЛЬОДОВИК","Ріка з криги, що повзе століттями",8
"ЛЬОДОРУБ","Кирка альпініста",8
"МАВЗОЛЕЙ","Пишна гробниця, назва якої походить від царя Мавсола",8
"МАГЕЛЛАН","Мореплавець, чия команда першою обпливла Землю",8
"МАЛАЙЗІЯ","Країна на півострові та острові Борнео",8
"МАЛЬДІВИ","Архіпелаг з тисяч коралових острівців",8
"МАНІФЕСТ","Урочисте письмове звернення влади до народу",8
"МАНОМЕТР","Прилад для вимірювання тиску газу чи рідини",8
"МАСКАРАД","Бал, де ніхто не впізнаний",8
"МЕНЕДЖЕР","Керівник, що організовує роботу колективу",8
"МЕНЕДЖЕР","Керівник клубних справ",8
"МЕНЗУРКА","Посудина з поділками для вимірювання об'єму",8
"МЕРИДІАН","Умовна лінія довготи на карті",8
"МЕТАФОРА","Порівняння без «як»",8
"МЕТРОНОМ","Прилад",8
"МИКОЛАЇВ","Місто корабелів на Південному Бузі",8
"МИРГОРОД","Курортне місто, оспіване Гоголем",8
"МІГРАЦІЯ","Сезонний переліт чи перехід тварин",8
"МІКРОФОН","Пристрій, що робить шепіт громом",8
"МІНОТАВР","Чудовисько з тілом людини й головою бика в лабіринті",8
"МОЗАМБІК","Країна на південно-східному узбережжі Африки",8
"МОКАСИНИ","Взуття, підглянуте в індіанців",8
"МОЛЕКУЛА","Найменша частинка речовини",8
"МОЛЬБЕРТ","Триногий помічник живописця",8
"МОНАРХІЯ","Форма правління зі спадковим одноосібним володарем",8
"МОНАСТИР","Обитель ченців або черниць",8
"МОНГОЛІЯ","Батьківщина найбільшої суходільної імперії",8
"МОНГОЛІЯ","Країна степів між Росією і Китаєм",8
"МОРОЗИВО","Холодний молочний десерт",8
"МОТОЦИКЛ","Двоколісний транспорт з двигуном",8
"МОТОЦИКЛ","Двоколісний засіб для мотоперегонів",8
"МСТИСЛАВ","Князь, суперник Ярослава за владу над Руссю",8
"МУКАЧЕВО","Місто на Закарпатті зі старовинним замком",8
"НАГАСАКІ","Друге японське місто, що зазнало ядерного удару",8
"НАДВІРНА","Місто на Прикарпатті біля Карпат",8
"НАПАДНИК","Гравець атакувальної лінії",8
"НАПОЛЕОН","Французький полководець, коронований імператором",8
"НИЗОВИНА","Рівнинна місцевість невеликої висоти над рівнем моря",8
"НОРВЕГІЯ","Країна фіордів на півночі Європи",8
"ОВЕРТАЙМ","Додатковий час після нічиєї",8
"ОКТАВІАН","Прийомний син Цезаря, майбутній перший імператор",8
"ОКУПАЦІЯ","Захоплення чужої території збройною силою",8
"ОПЕРЕННЯ","Покрив тіла птаха",8
"ОФІЦІАНТ","Той, хто обслуговує відвідувачів у кафе",8
"ПАКИСТАН","Країна",8
"ПАМОРОЗЬ","Срібло на гілках уранці",8
"ПАМЯТНИК","Споруда на честь визначної події чи особи",8
"ПАПОРОТЬ","Рослина, чию квітку шукають на Купала",8
"ПАРАГВАЙ","Країна в серці Південної Америки",8
"ПАРАСОЛЬ","Щит від дощу і сонця",8
"ПАРТИЗАН","Учасник нерегулярної збройної боротьби в тилу ворога",8
"ПАРФЕНОН","Храм Афіни на афінському Акрополі",8
"ПАТРИЦІЙ","Представник знаті в Стародавньому Римі",8
"ПЕНАЛЬТІ","Штрафний удар з позначки",8
"ПЕРЕМОГА","Успішний результат змагання",8
"ПЕТРУШКА","Пахуча зелена приправа до страв",8
"ПЕЧЕНІГИ","Кочовий народ, що облягав Київ за Володимира",8
"ПЕЧЕРСЬК","Історичний район Києва на пагорбах",8
"ПІВФІНАЛ","Матч перед вирішальним",8
"ПІНГПОНГ","Настільний теніс",8
"ПІРАМІДА","Гробниця, видима з космосу",8
"ПІРАМІДА","Гробниця фараона з ідеально рівними гранями",8
"ПІРНАННЯ","Занурення під воду з головою",8
"ПЛАВАННЯ","Рух тіла у воді без опори",8
"ПОЖЕЖНИК","Фахівець, що гасить вогонь",8
"ПОЛОНИНА","Гірське пасовище Карпат",8
"ПОЛОНИНА","Гірське пасовище у Карпатах",8
"ПОЛУНИЦЯ","Червона солодка ягода на низьких кущиках",8
"ПОПЛАВОК","Сигналізатор клювання",8
"ПРЕТОРІЯ","Одна зі столиць Південно-Африканської Республіки",8
"ПРОБІРКА","Вузька скляна посудина для дослідів",8
"ПРОМЕТЕЙ","Титан, що подарував людям вогонь і поплатився за це",8
"ПРОСВІТА","Товариство, що поширювало освіту серед народу",8
"ПРОЦЕСОР","Головний обчислювальний блок машини",8
"РАДІАЦІЯ","Випромінювання від розпаду ядер",8
"РЕЗИСТОР","Елемент",8
"РЕПОРТАЖ","Розповідь про перебіг змагання",8
"РЕПРЕСІЇ","Масові переслідування за радянської влади",8
"РЕЧОВИНА","Те",8
"РІВНЯННЯ","Математичний вираз із невідомою величиною",8
"РОБЕСПЄР","Лідер якобінців часів терору Французької революції",8
"РОБІНЗОН","Найвідоміший остров'янин літератури",8
"РОЗКОПКИ","Археологічні роботи для пошуку старожитностей",8
"РОЗКОПКИ","Наукові роботи з пошуку старожитностей у землі",8
"РОЗМИНКА","Підготовка м'язів перед грою",8
"РОЗТЯЖКА","Вправи на гнучкість м'язів",8
"РОМАНОВИ","Династія, що правила Московією і Росією",8
"РУЗВЕЛЬТ","Американський президент часів Великої депресії й війни",8
"САНТЬЯГО","Столиця біля підніжжя Анд",8
"САРДИНІЯ","Італійський острів на захід від Італії",8
"САРКОФАГ","Кам'яна чи дерев'яна труна для мумії чи тіла",8
"СВІТАНОК","Час, коли небо рожевіє",8
"СЕКРЕТАР","Помічник, що веде документи керівника",8
"СЕКСТАНТ","Морський прилад для визначення широти за зорями",8
"СЕНСАЦІЯ","Новина, що вибухає",8
"СЕРВЕТКА","Папірець порятунку за обідом",8
"СЕРЕДИНА","Місце рівно між початком і кінцем",8
"СІЛЬНИЦЯ","Посудина для солі на столі",8
"СІНГАПУР","Місто-держава на кінчику Малайського півострова",8
"СКАФАНДР","Костюм для безповітряних прогулянок",8
"СКОРПІОН","Членистоногий зі жалом на хвості",8
"СКОРПІОН","Членистоногий з отруйним жалом на хвості",8
"СКУМБРІЯ","Морська риба зі смугастою спинкою",8
"СЛАВУТИЧ","Наймолодше місто, збудоване після аварії на АЕС",8
"СЛОВЕНІЯ","Мала альпійська країна біля Адріатики",8
"СНОУБОРД","Дошка для катання по снігу",8
"СОНЯШНИК","Квітка, що стежить за сонцем",8
"СОЮЗНИКИ","Держави, що воювали разом проти нацистської Німеччини",8
"СПОРТЗАЛ","Приміщення для тренувань",8
"СТАРШИНА","Козацька військова і адміністративна еліта",8
"СТІЛЬНИК","Воскова шестикутна забудова",8
"СТОЛІТТЯ","Період у сто років",8
"СТРІЛЕЦЬ","Вояк легіону, що воював за українську державність",8
"СТРІЛЕЦЬ","Спортсмен",8
"СУПЕРНИК","Той, з ким змагаються",8
"СУПУТНИК","Штучний місяць зв'язку",8
"СУПУТНИК","Перший штучний об'єкт, запущений в космос 1957 року",8
"СУПУТНИК","Апарат",8
"СЦЕНАРІЙ","Книга, з якої виростає фільм",8
"ТАЛІСМАН","Символічна фігурка змагань",8
"ТАМПЛІЄР","Лицар духовно-військового ордену часів хрестових походів",8
"ТАНЗАНІЯ","Батьківщина Кіліманджаро й Занзібару",8
"ТЕЛЕСКОП","Прилад для спостереження за зорями",8
"ТЕНІСИСТ","Гравець із ракеткою через сітку",8
"ТЕОДОЛІТ","Прилад для вимірювання кутів на місцевості",8
"ТЕРАКОТА","Матеріал воїнів з гробниці першого китайського імператора",8
"ТОМАГАВК","Бойова сокирка індіанців",8
"ТРАМПЛІН","Споруда для стрибків у воду чи з гори",8
"ТРАНСФЕР","Перехід гравця в інший клуб",8
"ТРЕМБІТА","Найдовша труба Карпат",8
"ТРЕНАЖЕР","Пристрій для вправ у залі",8
"ТРИПІЛЛЯ","Село на Київщині, що дало назву давній культурі",8
"УГОРЩИНА","Країна гуляшу й термальних купалень",8
"ФЕЄРВЕРК","Вогняні квіти в нічному небі",8
"ФІГУРИСТ","Спортсмен на ковзанах під музику",8
"ФІНАЛІСТ","Учасник вирішального матчу",8
"ФЛАМІНГО","Рожевий птах на одній нозі",8
"ФЛАМІНГО","Рожевий птах на одній нозі",8
"ФОТОГРАФ","Майстер, що робить знімки",8
"ФРІСТАЙЛ","Вільний стиль катання з трюками",8
"ФУДЗІЯМА","Священна вершина Японії",8
"ХАМЕЛЕОН","Ящірка-перефарбовувач",8
"ХАМЕЛЕОН","Плазун",8
"ХАМУРАПІ","Вавилонський цар, автор давнього зводу законів",8
"ХІРОСІМА","Японське місто, знищене ядерним ударом 1945 року",8
"ХОЛОДЕЦЬ","М'ясо, що застигло в желе",8
"ХОЛОКОСТ","Масове знищення євреїв нацистами",8
"ХОРВАТІЯ","Курортна країна на Адріатиці",8
"ХРЕЩЕННЯ","Обряд навернення Русі у християнство 988 року",8
"ХУДОЖНИК","Майстер, що малює картини",8
"ЧЕРЕПАХА","Тварина, що носить дім на собі",8
"ЧЕРЕПАХА","Плазун із твердим панциром",8
"ЧЕРНІВЦІ","Місто над Прутом, колишня австрійська Буковина",8
"ЧЕРНІГІВ","Одне з найдавніших міст Русі на Десні",8
"ЧЕРЧІЛЛЬ","Британський прем'єр часів Другої світової війни",8
"ЧОРНОЗЕМ","Родючий тип ґрунту, яким славиться Україна",8
"ШАРОВАРИ","Широкі козацькі штани",8
"ШЕВЧЕНКО","Поет-пророк, автор Кобзаря",8
"ШИМПАНЗЕ","Найближчий родич людини",8
"ШИМПАНЗЕ","Найближчий родич людини серед приматів",8
"ШТАНГІСТ","Спортсмен",8
"ЩЕПЛЕННЯ","Тренування імунітету голкою",8
"ЩЕПЛЕННЯ","Введення препарату для захисту від хвороби",8
"ЮСТИНІАН","Візантійський імператор, автор славного зводу законів",8
"ЯКОБІНЦІ","Радикальне угруповання Французької революції",8
"АВСТРАЛІЯ","Континент, колонізований британцями як каторжна земля",9
"АВСТРАЛІЯ","Континент-острів з кенгуру",9
"АВТОСПОРТ","Перегони на автомобілях",9
"АЛЕКСАНДР","Македонський цар, що завоював півсвіту молодим",9
"АЛЬБАТРОС","Птах із найбільшим розмахом крил",9
"АЛЬПІНІСТ","Той, хто йде вгору, бо гора існує",9
"АМПЕРМЕТР","Прилад для вимірювання сили струму",9
"АМПЛІТУДА","Найбільше відхилення коливання від рівноваги",9
"АМСТЕРДАМ","Столиця каналів і велосипедів",9
"АНТОНОВИЧ","Історик, засновник наукової школи в Києві",9
"АРГЕНТИНА","Батьківщина танго й пампасів",9
"АУТСАЙДЕР","Той, від кого не чекають перемоги",9
"БАДМІНТОН","Гра з воланом через сітку",9
"БАНГЛАДЕШ","Густонаселена дельтова країна в Азії",9
"БАСКЕТБОЛ","Гра, де м'яч закидають у кошик",9
"БЕРДЯНСЬК","Курортне портове місто на Азовському морі",9
"БЛИСКАВКА","Небесний спалах або застібка",9
"БОРИСПІЛЬ","Місто з головним аеропортом країни",9
"БОРОДЯНКА","Селище на Київщині",9
"БРАКОНЬЄР","Мисливець поза законом",9
"БРАКОНЬЄР","Той",9
"БУДИЛЬНИК","Найненависніший звук ранку",9
"ВАТЕРПОЛО","Командна гра м'ячем у басейні",9
"ВАШИНГТОН","Перший президент Сполучених Штатів",9
"ВАШИНГТОН","Столиця",9
"ВЕЛОСИПЕД","Двоколісний транспорт без двигуна",9
"ВЕЛОСИПЕД","Двоколісний транспорт для їзди й перегонів",9
"ВЕНЕСУЕЛА","Країна з найбільшими запасами нафти",9
"ВЕРХОВИНА","Гуцульське селище високо в горах",9
"ВИШИВАНКА","Традиційна сорочка з орнаментом",9
"ВІДКРИТТЯ","Нове знання",9
"ВІДПОВІДЬ","Реакція на поставлене питання",9
"ВІДПУСТКА","Два тижні, на які чекають рік",9
"ВІЛЬГЕЛЬМ","Нормандський герцог, що завоював Англію 1066 року",9
"ВОЛОДИМИР","Найдавніше місто Волині, назване на честь князя",9
"ВОЛОДИМИР","Князь, що хрестив Русь у 988 році",9
"ВОЛЬТМЕТР","Прилад для вимірювання напруги",9
"ВОСЬМИНІГ","Молюск із вісьмома руками",9
"ВОСЬМИНІГ","Морський молюск із вісьмома щупальцями",9
"ГАБСБУРГИ","Династія, що правила Австрією і частиною Європи",9
"ГАЛАКТИКА","Місто з мільярдів зірок",9
"ГЕЛЬСІНКІ","Найпівнічніша столиця континентальної Європи",9
"ГЕНЕРАТОР","Пристрій",9
"ГЕОГРАФІЯ","Наука про поверхню Землі та її населення",9
"ГЕОМЕТРІЯ","Розділ математики про фігури й простір",9
"ГІБРАЛТАР","Скеля й протока на виході із Середземного моря",9
"ГІГРОМЕТР","Прилад для вимірювання вологості повітря",9
"ГЛАДІАТОР","Раб, що бився на арені заради розваги глядачів",9
"ГОЛОДОМОР","Трагедія українського села на початку тридцятих років",9
"ГОРНОСТАЙ","Куниця",9
"ГРЕЙПФРУТ","Великий гіркувато-кислий цитрус",9
"ГУТЕНБЕРГ","Винахідник друкарського верстата в Європі",9
"ДЖЕФЕРСОН","Автор Декларації незалежності США",9
"ДИКТАТУРА","Необмежена влада однієї особи чи групи",9
"ДИРИЖАБЛЬ","Керований літальний апарат легший за повітря",9
"ДИСТАНЦІЯ","Довжина забігу чи запливу",9
"ДОРОШЕНКО","Гетьман Правобережної України часів Руїни",9
"ДРАГОБРАТ","Високогірний курорт на Закарпатті",9
"ЕКОНОМІСТ","Фахівець з питань господарства й фінансів",9
"ЕЛЕКТРИКА","Явище",9
"ЕМІГРАЦІЯ","Виїзд з батьківщини в іншу країну",9
"ЕСКАЛАТОР","Рухомі сходи",9
"ЄЛИЗАВЕТА","Ім'я двох відомих англійських королев",9
"ЖУРНАЛІСТ","Той, хто пише новини для медіа",9
"ЗАПОРІЖЖЯ","Місто на Дніпрі, відоме своєю ДніпроГЕС",9
"ЗАПОРІЖЖЯ","Земля за порогами, де жили козаки",9
"ЗЕМЛЕТРУС","Момент, коли тремтить сама земля",9
"ІМПЕРАТОР","Монарший титул, вищий за короля",9
"ІМПЕРАТОР","Монарший титул, вищий за короля",9
"ІНДІАНЕЦЬ","Корінний американець",9
"ІНДОНЕЗІЯ","Острівна країна з тисячами островів",9
"ІНКУБАТОР","Пристрій для виведення пташенят чи догляду за немовлям",9
"ІСЛАМАБАД","Спланована столиця",9
"КАЗАХСТАН","Найбільша країна Центральної Азії",9
"КАМІКАДЗЕ","Японський льотчик-смертник Другої світової",9
"КАРИБСЬКА","Криза, що мало не спричинила ядерну війну 1962 року",9
"КАРТОГРАФ","Фахівець зі складання географічних карт",9
"КЛЕОПАТРА","Остання цариця елліністичного Єгипту",9
"КОНСТАНТА","Величина",9
"КОНЦТАБІР","Місце масового ув'язнення й знищення людей",9
"КОРОСТЕНЬ","Місто, повязане з деревлянською княгинею Ольгою",9
"КОСМОДРОМ","Місце, звідки ракети вирушають у політ",9
"КРЕМЕНЕЦЬ","Місто на Тернопільщині під горою Бона",9
"КРЕМЕНЧУК","Місто на Полтавщині з великим водосховищем",9
"КУКУРУДЗА","Злакова рослина з жовтими зернами в качанах",9
"ЛИСТОНОША","Той, хто доставляє листи",9
"МАГНЕТИЗМ","Явище притягання й відштовхування металів",9
"МАКЕДОНІЯ","Батьківщина полководця, що дійшов до Індії",9
"МАРІУПОЛЬ","Портове місто на Азовському морі",9
"МЕГАПОЛІС","Дуже велике й густонаселене місто",9
"МЕНДЕЛЄЄВ","Хімік, автор періодичної таблиці елементів",9
"МИСЛИВЕЦЬ","Людина",9
"МІКРОСКОП","Прилад для розглядання дрібних об'єктів",9
"МОТОСПОРТ","Перегони на моторизованій техніці",9
"МУССОЛІНІ","Італійський фашистський диктатор",9
"НАВУШНИКИ","Особистий концертний зал",9
"НІМЕЧЧИНА","Держава, об'єднана Бісмарком 1871 року",9
"НІМЕЧЧИНА","Країна пива та автобанів",9
"НОВОРОСІЯ","Імперська назва частини південних українських земель",9
"НОРМАНДІЯ","Місце висадки союзників 1944 року",9
"ОБЕРТАННЯ","Рух тіла навколо осі",9
"ОЛІМПІАДА","Спортивні змагання, що відроджені з Стародавньої Греції",9
"ОЛІМПІАДА","Головні змагання кожні чотири роки",9
"ОЛІМПІЄЦЬ","Учасник головних ігор чотириріччя",9
"ОСЕЛЕДЕЦЬ","Риба під шубою або козацька зачіска",9
"ОСЕЛЕДЕЦЬ","Пасмо волосся на голеній голові козака",9
"ОСЕЛЕДЕЦЬ","Дрібна солона морська риба",9
"ПАРЛАМЕНТ","Законодавчий орган влади",9
"ПАРЛАМЕНТ","Законодавчий орган представницької влади",9
"ПАТАГОНІЯ","Вітряний регіон на півдні Південної Америки",9
"ПЕРЕПІЛКА","Найменший польовий птах з характерним криком",9
"ПЕРЕЯСЛАВ","Історичне місто над Трубежем, місце ради 1654 року",9
"ПЕРЕЯСЛАВ","Місто, де 1654 року відбулася історична рада",9
"ПІВОСТРІВ","Суходіл, оточений водою майже з усіх боків",9
"ПІДРУЧНИК","Навчальна книга з певного предмета",9
"ПЛАНТАЦІЯ","Велике господарство з примусовою працею рабів",9
"ПОБЕРЕЖЖЯ","Смуга суходолу вздовж моря",9
"ПОВСТАННЯ","Збройний виступ проти влади",9
"ПОДАРУНОК","Річ, що дарують без оплати",9
"ПОЗІХАННЯ","Заразливий знак утоми",9
"ПОЛОНЯНКА","Жінка, яку захопили в неволю татари чи турки",9
"ПОЛУБОТОК","Наказний гетьман, ув'язнений у Петропавлівській фортеці",9
"ПОЛЮВАННЯ","Переслідування й здобування дичини",9
"ПОПЕЛЮШКА","Дівчина, що загубила кришталевий черевичок",9
"ПРЕЗИДЕНТ","Виборний глава сучасної держави",9
"ПРОДАВЕЦЬ","Той, хто обслуговує покупців у магазині",9
"ПРОСКУРІВ","Колишня назва міста Хмельницький",9
"ПСЕВДОНІМ","Ім'я, під яким ховається автор",9
"РЕВОЛЮЦІЯ","Різка й докорінна зміна суспільного ладу",9
"РЕВОЛЮЦІЯ","Різка й докорінна зміна суспільного ладу",9
"СВІТЛЯЧОК","Комаха",9
"СВЯТОСЛАВ","Князь-воїн, що казав ворогам іду на ви",9
"СКАЛЬПЕЛЬ","Ніж хірурга",9
"СКАЛЬПЕЛЬ","Хірургічний ніж для точних розрізів",9
"СКЕЙТБОРД","Дошка на колесах для трюків",9
"СКОВОРОДА","Мандрівний філософ і поет вісімнадцятого століття",9
"СМОЛОСКИП","Вогонь, який носять у руці",9
"СМОЛОСКИП","Інша назва олімпійського вогню",9
"СОЦІАЛІЗМ","Ідеологія суспільної власності на засоби виробництва",9
"СПІДОМЕТР","Прилад",9
"СПОРТСМЕН","Людина, що займається спортом професійно",9
"СПОРТСМЕН","Людина",9
"СТАЛАКТИТ","Кам'яна бурулька зі стелі печери",9
"СТЕТОСКОП","Прилад лікаря для прослуховування серця",9
"СТОКГОЛЬМ","Столиця на чотирнадцяти островах",9
"СТРАХОВКА","Мотузка, що тримає життя",9
"СУБМАРИНА","Судно",9
"ТАНЦІВНИК","Виконавець танцю",9
"ТЕЛЕВІЗОР","Пристрій для прийому зображення й звуку",9
"ТЕРМОМЕТР","Прилад для вимірювання температури",9
"ТЕРНОПІЛЬ","Місто над однойменним ставом",9
"ТРОЛЕЙБУС","Міський транспорт на колесах з дротом нагорі",9
"ТУРЕЧЧИНА","Країна на двох континентах з Босфором",9
"ТХЕКВОНДО","Корейське бойове мистецтво",9
"УНІВЕРСАЛ","Урядовий указ часів Гетьманщини та УНР",9
"ФЕОДАЛІЗМ","Суспільний лад, заснований на землеволодінні й службі",9
"ФІЛІППІНИ","Архіпелаг з понад сімома тисячами островів",9
"ФІНЛЯНДІЯ","Країна тисячі озер і саун",9
"ФУТБОЛІСТ","Гравець команди у футбол",9
"ФУТБОЛІСТ","Гравець",9
"ХРОМОСОМА","Структура клітини",9
"ХУРТОВИНА","Снігова буря з характером",9
"ЦЕРЕМОНІЯ","Урочисте відкриття чи закриття змагань",9
"ЧЕМПІОНАТ","Головне змагання сезону",9
"ЧОРНОБИЛЬ","Місце ядерної аварії 1986 року",9
"ШАХІВНИЦЯ","Дошка для гри в шахи",9
"ШВЕЙЦАРІЯ","Країна годинників і банків в Альпах",9
"ШВИДКІСТЬ","Відстань",9
"ШОТЛАНДІЯ","Батьківщина віскі та кілтів",9
"ШТОВХАННЯ","Техніка виконання удару ядром",9
"ЯРОСЛАВНА","Героїня давнього твору, що плаче на валу в Путивлі",9
"АБСОЛЮТИЗМ","Необмежена влада монарха",10
"АКУМУЛЯТОР","Пристрій",10
"АНТАРКТИДА","Крижаний континент на південному полюсі",10
"АНТИБІОТИК","Препарат проти бактеріальної інфекції",10
"АРИСТОТЕЛЬ","Учитель Александра Македонського",10
"АРХЕОЛОГІЯ","Наука",10
"АРХІТЕКТОР","Фахівець, що проєктує будівлі",10
"АСТРОЛЯБІЯ","Давній прилад для вимірювання висоти світил",10
"АСТРОНОМІЯ","Наука про зорі",10
"АФГАНІСТАН","Гірська країна на перехресті Азії",10
"БАРБАРОССА","Прізвисько німецького імператора з рудою бородою",10
"БЕРЕСТЕЧКО","Місце тяжкої поразки Хмельницького 1651 року",10
"БУРЕВІСНИК","Птах, що віщує шторм",10
"ВЕЛЛІНГТОН","Британський герцог, що переміг при Ватерлоо",10
"ВЕЛЛІНГТОН","Найпівденніша столиця у світі",10
"ВЕСЛУВАННЯ","Рух човном за допомогою весел",10
"ВИГОВСЬКИЙ","Гетьман, автор Гадяцького договору",10
"ВИЗВОЛЕННЯ","Звільнення від чужої влади чи окупації",10
"ВИННИЧЕНКО","Перший голова Директорії, письменник",10
"ГАРІБАЛЬДІ","Полководець, що об'єднав Італію",10
"ГІЛЬЙОТИНА","Пристрій для страти, символ Французької революції",10
"ГІМНАСТИКА","Вправи на кільцях, брусах і колоді",10
"ГРАВІТАЦІЯ","Сила взаємного притягання тіл",10
"ГРЕНЛАНДІЯ","Найбільший острів планети",10
"ДЕМОКРАТІЯ","Влада, що належить народові",10
"ДИРЕКТОРІЯ","Уряд УНР після Гетьманату Скоропадського",10
"ДРАГОМАНОВ","Публіцист і громадський діяч ХІХ століття",10
"ЖАЙВОРОНОК","Птах, що співає над полем, і людина-ранок",10
"ЗАКАРПАТТЯ","Область за Карпатськими горами",10
"ЗАЛОМЛЕННЯ","Зміна напряму променя на межі середовищ",10
"ЗАПОВІДНИК","Територія, де природу охороняють від втручання",10
"ЗАТЕМНЕННЯ","Місяць, що закрив сонце",10
"ЗЕМНОВОДНЕ","Тварина",10
"ІНКВІЗИТОР","Церковний суддя, що переслідував відступників від віри",10
"ІНКВІЗИЦІЯ","Церковний суд, що переслідував єретиків",10
"КАПІТАЛІЗМ","Лад, заснований на приватній власності й ринку",10
"КІКБОКСИНГ","Бойове мистецтво з ударами руками й ногами",10
"КІРОВОГРАД","Колишня назва міста Кропивницький",10
"КЛАВІАТУРА","Панель кнопок для введення тексту в машину",10
"КЛОНУВАННЯ","Створення точної генетичної копії організму",10
"КОМЕНТАТОР","Той",10
"КОНСТАНТИН","Імператор, що зробив християнство державною релігією",10
"КОНТРАТАКА","Швидкий наступ після оборони",10
"КОПЕНГАГЕН","Столиця з русалонькою на скелі",10
"КОСТОМАРОВ","Історик, дослідник козаччини і автор Книги буття",10
"МАГНІТОФОН","Пристрій для запису й відтворення звуку на стрічці",10
"МАДАГАСКАР","Величезний острів біля берегів Африки",10
"МАТЕМАТИКА","Наука про числа й закономірності",10
"МЕТРОПОЛІЯ","Держава, що володіє колоніями",10
"МИТРОПОЛИТ","Найвищий духовний сан у православній церкві Русі",10
"МІКРОСХЕМА","Крихітна плата з безліччю електронних елементів",10
"НІДЕРЛАНДИ","Держава, що звільнилася від іспанського панування",10
"ОСЦИЛОГРАФ","Прилад для запису форми електричних сигналів",10
"ПЕРЕБУДОВА","Політика реформ в СРСР кінця 1980-х",10
"ПЕРЛХАРБОР","Гавайська база, атакована Японією 1941 року",10
"ПИСЬМЕННИК","Той, хто створює літературні твори",10
"ПОРТУГАЛІЯ","Держава, що першою відкрила морський шлях в Індію",10
"ПОРТУГАЛІЯ","Країна фаду й вина на заході Піренейського півострова",10
"ПРОТЕСТАНТ","Прихильник церкви, що відкололась від Риму",10
"ПСИХОЛОГІЯ","Наука про людську психіку",10
"РЕКОРДСМЕН","Власник найкращого досягнення",10
"РЕСПУБЛІКА","Форма правління без спадкового монарха",10
"РЕФЕРЕНДУМ","Всенародне голосування щодо важливого питання",10
"САЛАМАНДРА","Плямисте хвостате земноводне",10
"СЕЙСМОГРАФ","Прилад",10
"СЕКУНДОМІР","Прилад для відліку часу забігу",10
"СЕРЕДОВИЩЕ","Природні умови життя виду",10
"СЛОВАЧЧИНА","Гірська країна з Татрами",10
"СОБОРНІСТЬ","Ідея єдності всіх українських земель в одній державі",10
"СТАЛІНГРАД","Місто, де перелом стався у війні на сході 1943 року",10
"СТАТИСТИКА","Наука про збір і аналіз даних",10
"СТОУНХЕНДЖ","Кам'яне мегалітичне коло в Англії",10
"ТАНГАНЬЇКА","Друге за глибиною озеро світу",10
"ТРАНЗИСТОР","Напівпровідниковий елемент підсилення сигналу",10
"ТРАНСЛЯЦІЯ","Показ матчу по телебаченню",10
"ТРАФАЛЬГАР","Морська битва, де загинув адмірал Нельсон",10
"ТРЕНУВАННЯ","Регулярна підготовка до змагань",10
"ТРІУМВІРАТ","Союз трьох осіб при владі в Римі",10
"ТРУСКАВЕЦЬ","Курорт мінеральних вод на Прикарпатті",10
"УЗБЕКИСТАН","Країна з давніми містами Самарканд і Бухара",10
"УЛЬТИМАТУМ","Пропозиція, від якої вимагають не відмовлятися",10
"ФЕХТУВАННЯ","Двобій на шпагах чи рапірах",10
"ФІЗІОЛОГІЯ","Наука про функції живого організму",10
"ФОТОАПАРАТ","Пристрій для отримання знімків",10
"ЦЕНТРИФУГА","Пристрій",10
"ШАМПАНСЬКЕ","Вино, що стріляє корком",10
"БІБЛІОТЕКАР","Працівник книгозбірні",11
"БОДІБІЛДИНГ","Спорт нарощування м'язової маси",11
"БУДІВЕЛЬНИК","Фахівець, що зводить будинки",11
"ВІДРОДЖЕННЯ","Епоха розквіту мистецтв після середньовіччя",11
"ВОДОСХОВИЩЕ","Штучна водойма на річці, перекритій греблею",11
"ГРОСМЕЙСТЕР","Найвище звання в шаховій грі",11
"ГРУШЕВСЬКИЙ","Перший президент Центральної Ради, історик",11
"ЕКСПЕРИМЕНТ","Дослід для перевірки припущення",11
"ЗАДУНАЙСЬКА","Січ, заснована козаками після зруйнування головної",11
"ІМПЕРІАЛІЗМ","Політика розширення впливу шляхом підкорення інших країн",11
"ІНТЕРВЕНЦІЯ","Втручання однієї держави у справи іншої",11
"КАЛЬКУЛЯТОР","Пристрій для обчислень",11
"КАПІТУЛЯЦІЯ","Офіційне визнання поразки у війні",11
"КАТАЛІЗАТОР","Речовина",11
"КОНДЕНСАТОР","Елемент",11
"КОНДИЦІОНЕР","Пристрій для охолодження повітря в кімнаті",11
"КОНКІСТАДОР","Іспанський завойовник Нового Світу",11
"КОНСТИТУЦІЯ","Основний закон, який Пилип Орлик уклав 1710 року",11
"КОНСТИТУЦІЯ","Основний закон держави",11
"ЛАБОРАТОРІЯ","Приміщення для наукових дослідів",11
"МЕСОПОТАМІЯ","Земля між Тигром і Євфратом",11
"МЕСОПОТАМІЯ","Стародавній регіон між двома річками",11
"НЕЙТРАЛІТЕТ","Мистецтво не обирати сторону",11
"ПІВЗАХИСНИК","Гравець середньої лінії поля",11
"ПОЛКОВОДЕЦЬ","Досвідчений керівник війська",11
"ПРИСКОРЕННЯ","Зміна швидкості руху за час",11
"ПРОФЕСІОНАЛ","Спортсмен",11
"РОЗДЯГАЛЬНЯ","Кімната для перевдягання спортсменів",11
"САГАЙДАЧНИЙ","Гетьман, що ходив у морські походи на чайках",11
"СЕВАСТОПОЛЬ","База Чорноморського флоту в Криму",11
"СЕВАСТОПОЛЬ","Місто, обложене у Кримській війні",11
"СІМФЕРОПОЛЬ","Найбільше місто Кримського півострова",11
"СКАНДИНАВІЯ","Північний регіон Європи з фіордами",11
"СПАДКОВІСТЬ","Передавання ознак від батьків до нащадків",11
"СПОРЯДЖЕННЯ","Знаряддя та одяг для занять спортом",11
"СУВЕРЕНІТЕТ","Незалежність держави у прийнятті власних рішень",11
"ХОЛОДИЛЬНИК","Пристрій для зберігання їжі у холоді",11
"ХОЛОДИЛЬНИК","Побутовий пристрій",11
"ЦИВІЛІЗАЦІЯ","Високорозвинене суспільство з писемністю і містами",11
"ЯВОРНИЦЬКИЙ","Історик, головний дослідник запорізького козацтва",11
"ВЕЛОСИПЕДИСТ","Спортсмен на двох колесах",12
"ВИТРИВАЛІСТЬ","Здатність довго виконувати навантаження",12
"КІЛІМАНДЖАРО","Найвища вершина Африки",12
"МЕТЕОРОЛОГІЯ","Наука про атмосферу й погоду",12
"МІКЕЛАНДЖЕЛО","Скульптор і живописець, автор розпису Сікстинської капели",12
"ПАРАЛІМПІАДА","Змагання для спортсменів з інвалідністю",12
"ПАУЕРЛІФТИНГ","Силовий спорт із трьома вправами",12
"РАБОТОРГІВЛЯ","Ганебна торгівля людьми через Атлантику",12
"СКЕЛЕЛАЗІННЯ","Підйом на штучну чи природну стіну",12
"ТУРКМЕНІСТАН","Пустельна країна біля Каспію",12
"УБОЛІВАЛЬНИК","Відданий прихильник команди",12
"ХРЕСТОНОСЕЦЬ","Учасник військового походу на Святу землю",12
